index_label,互动得分,互动排名,互动数,名次,总分,明星,某期,正能量,正能量得分,正能量排名,爱慕值,爱慕值得分,爱慕值排名,社会影响力,社会影响得分,社会影响排名,阅读人数,阅读得分,阅读排名
0,19.28,4,5699891,1,18.6219.2819.4520.009.65,蔡徐坤,2019年周榜单第1期,9.65,9.65,21,142796,20.00,1,1341155313,19.45,5,155409352,18.62,6
1,18.90,6,4197642,2,18.0918.9020.0017.939.08,朱一龙,2019年周榜单第1期,9.08,9.08,29,41904,17.93,2,2440732978,20.00,1,90730741,18.09,21
2,19.51,2,6832000,3,18.3519.5119.6913.049.62,TFBOYS-易烊千玺,2019年周榜单第1期,9.62,9.62,22,2302,13.04,21,1755090450,19.69,3,117442789,18.35,14
3,17.86,21,1809832,4,17.7417.8618.4515.648.89,邓伦,2019年周榜单第1期,8.89,8.89,32,10724,15.64,6,457603112,18.45,24,63697253,17.74,39
4,16.72,46,724836,5,17.5016.7217.1517.908.62,罗云熙Leo,2019年周榜单第1期,8.62,8.62,41,41120,17.90,3,112062121,17.15,97,49729500,17.50,55
5,17.68,25,1565009,6,18.3917.6818.4813.439.83,沈月,2019年周榜单第1期,9.83,9.83,20,2900,13.43,16,470036705,18.48,23,122713918,18.39,12
6,19.45,3,6512074,7,18.8019.4519.8410.479.22,赵丽颖,2019年周榜单第1期,9.22,9.22,25,498,10.47,63,2042601739,19.84,2,186432217,18.80,5
7,18.08,13,2157565,8,17.6718.0817.9315.858.11,MD_摩登兄弟,2019年周榜单第1期,8.11,8.11,67,12174,15.85,5,261677507,17.93,46,59537249,17.67,45
8,17.18,31,1045475,9,19.0617.1818.3413.0710.00,吴磊LEO,2019年周榜单第1期,10.00,10.00,18,2330,13.07,20,405801036,18.34,29,241670038,19.06,3
9,18.03,15,2077191,10,18.5418.0318.7213.528.33,杨紫,2019年周榜单第1期,8.33,8.33,53,3052,13.52,15,611165445,18.72,20,143266293,18.54,7
10,18.20,11,2377019,11,17.7518.2019.4212.738.87,M鹿M,2019年周榜单第1期,8.87,8.87,34,1908,12.73,29,1304194297,19.42,6,64321693,17.75,38
11,12.84,274,31569,12,17.1312.8414.7713.0219.19,许晴随行笔记,2019年周榜单第1期,19.19,19.19,2,2272,13.02,22,8603727,14.77,323,34416001,17.13,79
12,16.79,43,765192,13,17.2616.7919.2415.478.20,小鬼-王琳凯,2019年周榜单第1期,8.20,8.20,64,9702,15.47,7,1070097868,19.24,9,39107838,17.26,72
13,19.04,5,4678103,14,18.0819.0419.1211.359.15,TFBOYS-王俊凯,2019年周榜单第1期,9.15,9.15,27,844,11.35,46,939449053,19.12,10,89477447,18.08,23
14,16.70,49,709931,15,17.8516.7017.2615.958.80,火箭少女101_孟美岐,2019年周榜单第1期,8.80,8.80,35,12884,15.95,4,126575971,17.26,86,71131430,17.85,28
15,18.90,7,4194980,16,18.3718.9019.2510.958.88,TFBOYS-王源,2019年周榜单第1期,8.88,8.88,33,666,10.95,54,1086610761,19.25,8,120982122,18.37,13
16,18.86,8,4047643,17,18.2518.8619.4810.838.61,努力努力再努力x,2019年周榜单第1期,8.61,8.61,42,620,10.83,55,1384593676,19.48,4,106086140,18.25,16
17,20.00,1,10183273,18,20.0020.0019.347.928.74,谢娜,2019年周榜单第1期,8.74,8.74,36,110,7.92,114,1198970734,19.34,7,627459279,20.00,1
18,17.52,26,1378599,19,18.5417.5218.2012.479.13,angelababy,2019年周榜单第1期,9.13,9.13,28,1636,12.47,33,348701949,18.20,32,142781055,18.54,8
19,16.66,51,690190,20,17.2816.6618.0814.747.98,王鹤棣_Dylan,2019年周榜单第1期,7.98,7.98,74,6282,14.74,11,306816374,18.08,38,39880040,17.28,69
20,16.19,65,469776,21,17.9016.1916.5011.5712.48,陈坤,2019年周榜单第1期,12.48,12.48,12,958,11.57,44,55848322,16.50,153,74844449,17.90,27
21,18.25,10,2490040,22,18.1418.2517.9111.119.17,Dear-迪丽热巴,2019年周榜单第1期,9.17,9.17,26,732,11.11,53,254098030,17.91,49,94945695,18.14,20
22,17.96,17,1957225,23,17.8517.9617.9112.758.07,薛之谦,2019年周榜单第1期,8.07,8.07,69,1932,12.75,28,254879187,17.91,48,70787078,17.85,29
23,18.06,14,2136588,24,17.6818.0618.1912.697.79,范丞丞Adam0616,2019年周榜单第1期,7.79,7.79,93,1866,12.69,30,346896156,18.19,33,59958480,17.68,44
24,17.96,18,1956742,25,17.7017.9617.9813.566.89,jjjustin0219,2019年周榜单第1期,6.89,6.89,204,3134,13.56,14,273558673,17.98,43,60926099,17.70,41
25,20.00,1,5865760,1,18.7920.0019.1820.009.64,蔡徐坤,2019年周榜单第2期,9.64,9.64,34,157770,20.00,1,999030896,19.18,8,87586263,18.79,20
26,19.95,2,5641388,2,19.2019.9520.0017.519.31,朱一龙,2019年周榜单第2期,9.31,9.31,38,35638,17.51,3,2417911425,20.00,1,130900708,19.20,7
27,19.85,3,5221336,3,19.3119.8519.289.6314.60,TFBOYS-王源,2019年周榜单第2期,14.60,14.60,5,318,9.63,66,1107234285,19.28,5,145569774,19.31,5
28,18.11,17,1340377,4,18.2718.1118.9915.598.92,邓伦,2019年周榜单第2期,8.92,8.92,44,11238,15.59,7,809012244,18.99,12,52906533,18.27,44
29,17.14,38,631929,5,18.4017.1416.8712.4614.33,沈月,2019年周榜单第2期,14.33,14.33,8,1728,12.46,24,82616844,16.87,103,59981964,18.40,39
30,18.38,13,1664164,6,18.1518.3817.4016.798.47,白宇WHITE,2019年周榜单第2期,8.47,8.47,69,23118,16.79,5,146128074,17.40,74,47199402,18.15,51
31,17.59,24,900282,7,19.0017.5917.9215.368.95,火箭少女101_孟美岐,2019年周榜单第2期,8.95,8.95,42,9800,15.36,8,254323380,17.92,48,107471737,19.00,12
32,17.95,20,1190084,8,19.0317.9519.0614.257.98,杨紫,2019年周榜单第2期,7.98,7.98,95,5052,14.25,13,877224502,19.06,10,110290748,19.03,11
33,16.98,43,558998,9,18.3516.9817.1116.998.81,罗云熙Leo,2019年周榜单第2期,8.81,8.81,49,26096,16.99,4,106950464,17.11,91,57146927,18.35,41
34,13.08,253,26691,10,17.4413.0815.0012.9319.73,许晴随行笔记,2019年周榜单第2期,19.73,19.73,1,2298,12.93,18,10891164,15.00,302,23477802,17.44,101
35,19.40,4,3683705,11,18.8719.4019.5810.709.55,TFBOYS-易烊千玺,2019年周榜单第2期,9.55,9.55,35,604,10.70,44,1532737285,19.58,2,94888347,18.87,18
36,17.77,22,1032909,12,18.7717.7718.4916.186.88,火箭少女101_杨超越,2019年周榜单第2期,6.88,6.88,223,16032,16.18,6,473783567,18.49,24,86213114,18.77,22
37,16.33,62,336387,13,16.8916.3318.0618.538.05,小鬼-王琳凯,2019年周榜单第2期,8.05,8.05,87,65584,18.53,2,298690888,18.06,42,13820648,16.89,141
38,19.09,6,2882652,14,18.5219.0918.9710.809.03,TFBOYS-王俊凯,2019年周榜单第2期,9.03,9.03,41,640,10.80,42,795797028,18.97,13,67646563,18.52,32
39,18.41,12,1704785,15,18.2218.4117.2714.917.48,MD_摩登兄弟,2019年周榜单第2期,7.48,7.48,158,7518,14.91,9,126400377,17.27,83,50525957,18.22,47
40,17.08,41,605110,16,19.0617.0818.2214.707.21,周冬雨,2019年周榜单第2期,7.21,7.21,184,6622,14.70,10,352633034,18.22,32,113989991,19.06,9
41,17.21,35,666636,17,18.3017.2117.259.5013.85,翟天临,2019年周榜单第2期,13.85,13.85,14,294,9.50,68,124437279,17.25,84,54593029,18.30,42
42,18.56,11,1907475,18,19.0318.5618.9510.089.33,Dear-迪丽热巴,2019年周榜单第2期,9.33,9.33,36,416,10.08,57,775043376,18.95,14,110371592,19.03,10
43,18.97,8,2631690,19,18.8718.9719.299.788.76,努力努力再努力x,2019年周榜单第2期,8.76,8.76,52,348,9.78,61,1119752963,19.29,4,94903590,18.87,17
44,18.11,16,1340651,20,18.2018.1118.5511.759.04,M鹿M,2019年周榜单第2期,9.04,9.04,40,1134,11.75,35,503689144,18.55,21,49521103,18.20,48
45,18.57,10,1918796,21,19.3718.5719.338.899.31,杨幂,2019年周榜单第2期,9.31,9.31,37,204,8.89,76,1170492706,19.33,3,154828523,19.37,3
46,18.17,15,1410192,22,17.9318.1718.1212.958.11,jjjustin0219,2019年周榜单第2期,8.11,8.11,83,2328,12.95,17,317823055,18.12,39,37898925,17.93,63
47,15.87,79,234607,23,19.6015.8718.9010.4410.00,吴磊LEO,2019年周榜单第2期,10.00,10.00,33,518,10.44,50,737526943,18.90,15,193260471,19.60,2
48,17.40,29,773110,24,18.5217.4017.6912.088.62,火箭少女101_吴宣仪,2019年周榜单第2期,8.62,8.62,58,1380,12.08,28,199567257,17.69,62,67572426,18.52,33
49,18.31,14,1575988,25,18.3918.3118.1411.777.69,范丞丞Adam0616,2019年周榜单第2期,7.69,7.69,135,1148,11.77,34,323914426,18.14,38,59132972,18.39,40
50,20.00,1,10898437,1,20.0020.0019.0420.0013.25,蔡徐坤,2019年周榜单第3期,13.25,13.25,13,146042,20.00,1,957991332,19.04,8,222874316,20.00,1
51,18.58,6,3443529,2,18.9218.5819.7119.888.94,朱一龙,2019年周榜单第3期,8.94,8.94,60,136380,19.88,2,1963096872,19.71,2,78610845,18.92,20
52,17.33,19,1252883,3,18.0217.3317.6917.7313.88,白宇WHITE,2019年周榜单第3期,13.88,13.88,7,37836,17.73,4,219588714,17.69,51,33302053,18.02,56
53,16.63,31,712251,4,19.4716.6317.3610.2119.31,赵薇,2019年周榜单第3期,19.31,19.31,2,432,10.21,120,153861313,17.36,70,134164555,19.47,7
54,17.21,21,1138887,5,19.2817.2118.6614.3812.20,杨紫,2019年周榜单第3期,12.20,12.20,22,5162,14.38,19,633502623,18.66,14,111415110,19.28,11
55,18.26,10,2668894,6,18.8218.2618.6912.1912.66,TFBOYS-王俊凯,2019年周榜单第3期,12.66,12.66,18,1402,12.19,71,654520347,18.69,12,71759087,18.82,23
56,18.28,9,2700470,7,19.4118.2818.5014.469.06,Dear-迪丽热巴,2019年周榜单第3期,9.06,9.06,56,5424,14.46,17,529975700,18.50,17,126764561,19.41,9
57,18.58,5,3453800,8,19.1318.5819.2412.639.22,TFBOYS-易烊千玺,2019年周榜单第3期,9.22,9.22,55,1828,12.63,56,1178169337,19.24,4,96877122,19.13,15
58,18.54,7,3349264,9,19.1818.5419.1312.598.68,TFBOYS-王源,2019年周榜单第3期,8.68,8.68,69,1778,12.59,59,1050168506,19.13,6,101016454,19.18,14
59,16.97,25,933439,10,19.2616.9717.8115.857.94,火箭少女101_孟美岐,2019年周榜单第3期,7.94,7.94,101,12414,15.85,8,250170380,17.81,45,109721812,19.26,12
60,15.72,60,339281,11,18.1815.7217.2617.948.46,罗云熙Leo,2019年周榜单第3期,8.46,8.46,75,42864,17.94,3,137852138,17.26,77,38831992,18.18,48
61,19.79,2,9191388,12,19.8119.7918.7112.916.27,Mr_凡先生,2019年周榜单第3期,6.27,6.27,321,2156,12.91,47,662466511,18.71,11,185507282,19.81,3
62,17.76,14,1777708,13,18.7517.7618.5113.468.72,M鹿M,2019年周榜单第3期,8.72,8.72,66,2988,13.46,32,536609811,18.51,16,66848439,18.75,24
63,17.80,13,1829653,14,19.0417.8019.4811.809.03,赵丽颖,2019年周榜单第3期,9.03,9.03,57,1114,11.80,81,1536521388,19.48,3,88778356,19.04,17
64,12.53,264,25708,15,17.3712.5314.6413.0219.45,许晴随行笔记,2019年周榜单第3期,19.45,19.45,1,2300,13.02,43,8054477,14.64,340,17709958,17.37,112
65,16.32,41,552796,16,19.7816.3218.1913.139.52,吴磊LEO,2019年周榜单第3期,9.52,9.52,54,2464,13.13,36,377735256,18.19,24,180159078,19.78,4
66,16.36,39,571461,17,17.6016.3618.0115.908.57,邓伦,2019年周榜单第3期,8.57,8.57,72,12776,15.90,6,310661807,18.01,36,22111086,17.60,94
67,16.90,26,885606,18,19.2316.9019.1012.168.99,冯绍峰,2019年周榜单第3期,8.99,8.99,58,1380,12.16,72,1020113693,19.10,7,106062140,19.23,13
68,15.18,80,219108,19,17.0415.1817.2113.0913.80,胡一天啊,2019年周榜单第3期,13.80,13.80,9,2406,13.09,40,130226353,17.21,83,12999483,17.04,144
69,18.62,4,3555902,20,19.7418.6218.8511.757.28,张杰,2019年周榜单第3期,7.28,7.28,176,1084,11.75,84,777998515,18.85,9,172818440,19.74,5
70,17.26,20,1187743,21,17.7517.2617.6716.177.20,MD_摩登兄弟,2019年周榜单第3期,7.20,7.20,183,14956,16.17,5,215182182,17.67,53,25591819,17.75,80
71,18.37,8,2919740,22,19.3118.3717.2312.668.39,angelababy,2019年周榜单第3期,8.39,8.39,82,1856,12.66,55,132894318,17.23,80,115100471,19.31,10
72,16.80,28,817033,23,19.0416.8017.8013.848.45,火箭少女101_吴宣仪,2019年周榜单第3期,8.45,8.45,76,3758,13.84,21,248414238,17.80,47,88877618,19.04,16
73,17.69,16,1672542,24,18.3917.6917.8014.537.48,范丞丞Adam0616,2019年周榜单第3期,7.48,7.48,154,5650,14.53,15,248583254,17.80,46,47447335,18.39,35
74,17.49,18,1423437,25,17.8317.4917.8914.787.65,THEO-朱正廷,2019年周榜单第3期,7.65,7.65,130,6568,14.78,13,273987993,17.89,38,27804905,17.83,74
75,19.77,2,7231737,1,20.0019.7719.3320.009.84,蔡徐坤,2019年周榜单第4期,9.84,9.84,36,247936,20.00,1,1102265077,19.33,6,303104548,20.00,1
76,17.07,25,833704,2,19.0717.0717.5017.1715.60,火箭少女101_孟美岐,2019年周榜单第4期,15.60,15.60,14,42738,17.17,3,154233453,17.50,71,121647411,19.07,8
77,17.40,19,1092599,3,18.0717.4017.4614.4315.83,白宇WHITE,2019年周榜单第4期,15.83,15.83,12,7784,14.43,8,147311114,17.46,72,46013670,18.07,48
78,18.19,7,2051427,4,19.3218.1917.9718.238.93,火箭少女101_吴宣仪,2019年周榜单第4期,8.93,8.93,43,82808,18.23,2,254405323,17.97,39,156181144,19.32,6
79,14.52,130,109082,5,17.5914.5217.9812.3319.70,许晴随行笔记,2019年周榜单第4期,19.70,19.70,1,2120,12.33,17,258371325,17.98,37,28910257,17.59,75
80,18.63,3,2902172,6,18.6918.6318.0011.2715.53,范丞丞Adam0616,2019年周榜单第4期,15.53,15.53,16,1098,11.27,32,264381803,18.00,35,83933126,18.69,15
81,17.25,22,961797,7,19.3417.2516.5410.4417.55,陈坤,2019年周榜单第4期,17.55,17.55,4,654,10.44,49,54808400,16.54,141,159762773,19.34,5
82,16.87,35,711906,8,19.4616.8718.0310.1616.07,吴磊LEO,2019年周榜单第4期,16.07,16.07,9,550,10.16,57,270789444,18.03,30,179664427,19.46,3
83,17.67,17,1355359,9,17.6717.6719.5616.808.87,朱一龙,2019年周榜单第4期,8.87,8.87,47,33878,16.80,5,1412499450,19.56,4,31254328,17.67,71
84,20.00,1,8685324,10,19.5820.0019.7110.489.23,TFBOYS-易烊千玺,2019年周榜单第4期,9.23,9.23,37,672,10.48,47,1655012312,19.71,2,201165168,19.58,2
85,16.47,47,518042,11,17.9516.4717.1110.0516.24,张超Juck,2019年周榜单第4期,16.24,16.24,7,514,10.05,58,101321645,17.11,102,40832708,17.95,54
86,17.52,18,1198567,12,18.1217.5218.6514.268.68,M鹿M,2019年周榜单第4期,8.68,8.68,56,7028,14.26,10,528293820,18.65,16,48307654,18.12,41
87,17.19,23,921389,13,18.0117.1918.5714.358.86,邓伦,2019年周榜单第4期,8.86,8.86,48,7440,14.35,9,484596149,18.57,20,43629505,18.01,52
88,15.52,82,242488,14,17.8315.5217.3417.128.63,罗云熙Leo,2019年周榜单第4期,8.63,8.63,57,41388,17.12,4,129291449,17.34,80,36407667,17.83,62
89,18.08,8,1872687,15,18.2718.0817.7814.847.38,MD_摩登兄弟,2019年周榜单第4期,7.38,7.38,147,10048,14.84,6,207286168,17.78,48,55878900,18.27,29
90,15.73,73,286799,16,18.2015.7316.937.8417.35,刘涛tamia,2019年周榜单第4期,17.35,17.35,5,130,7.84,91,83340177,16.93,117,52099175,18.20,35
91,18.27,6,2188649,17,19.4618.2718.7010.318.44,杨紫,2019年周榜单第4期,8.44,8.44,63,604,10.31,53,557166061,18.70,15,178361171,19.46,4
92,18.54,4,2714236,18,18.7618.5419.279.898.07,努力努力再努力x,2019年周榜单第4期,8.07,8.07,82,466,9.89,61,1032643066,19.27,7,90177224,18.76,13
93,15.99,58,352595,19,18.1115.9919.5111.938.92,冯绍峰,2019年周榜单第4期,8.92,8.92,44,1646,11.93,24,1339003131,19.51,5,47759295,18.11,42
94,18.33,5,2284726,20,18.8618.3317.5111.488.20,angelababy,2019年周榜单第4期,8.20,8.20,72,1250,11.48,31,154664179,17.51,70,99340851,18.86,11
95,16.70,39,619856,21,18.1916.7016.996.3016.08,张一山,2019年周榜单第4期,16.08,16.08,8,50,6.30,120,88398103,16.99,113,51729591,18.19,36
96,16.40,49,487867,22,18.7116.4016.3413.778.93,火箭少女101_赖美云,2019年周榜单第4期,8.93,8.93,42,5180,13.77,12,44178016,16.34,162,85959050,18.71,14
97,16.52,45,540502,23,18.6516.5218.6213.466.81,周冬雨,2019年周榜单第4期,6.81,6.81,212,4268,13.46,13,510359753,18.62,17,81009568,18.65,16
98,18.05,9,1831742,24,19.0318.0519.678.099.08,赵丽颖,2019年周榜单第4期,9.08,9.08,39,152,8.09,89,1593961169,19.67,3,117714104,19.03,10
99,17.92,10,1652541,25,17.9217.9218.7810.378.90,TFBOYS-王俊凯,2019年周榜单第4期,8.90,8.90,46,626,10.37,52,609151276,18.78,12,39682081,17.92,56
100,20.00,1,7834093,1,20.0020.0019.2920.009.50,蔡徐坤,2019年周榜单第5期,9.50,9.50,40,99488,20.00,1,965699396,19.29,7,449319433,20.00,1
101,19.18,4,4083053,2,18.7119.1819.6818.119.13,朱一龙,2019年周榜单第5期,9.13,9.13,44,33610,18.11,3,1469731033,19.68,3,124392725,18.71,12
102,19.26,3,4370098,3,19.4019.2619.8111.599.65,TFBOYS-王源,2019年周榜单第5期,9.65,9.65,39,788,11.59,51,1674336730,19.81,2,246380953,19.40,2
103,16.51,56,491031,4,18.0316.5119.2412.9112.76,冯绍峰,2019年周榜单第5期,12.76,12.76,19,1680,12.91,25,917424427,19.24,8,63010259,18.03,22
104,18.93,5,3337932,5,19.3618.9320.0011.918.94,TFBOYS-易烊千玺,2019年周榜单第5期,8.94,8.94,49,944,11.91,47,2061511203,20.00,1,236433693,19.36,4
105,17.29,29,912404,6,18.7217.2918.0815.739.13,火箭少女101_孟美岐,2019年周榜单第5期,9.13,9.13,45,8510,15.73,8,264194332,18.08,44,125366032,18.72,11
106,13.05,251,31450,7,17.0613.0515.9213.3019.62,许晴随行笔记,2019年周榜单第5期,19.62,19.62,1,2104,13.30,16,25917169,15.92,226,24057530,17.06,83
107,16.57,52,515315,8,17.4516.5717.6218.188.63,罗云熙Leo,2019年周榜单第5期,8.63,8.63,57,34978,18.18,2,160040574,17.62,73,35479384,17.45,56
108,17.82,18,1389247,9,17.6617.8218.6415.408.71,邓伦,2019年周榜单第5期,8.71,8.71,53,7066,15.40,9,481166785,18.64,22,43537982,17.66,39
109,16.98,37,715142,10,18.4916.9818.5415.876.77,周冬雨,2019年周榜单第5期,6.77,6.77,224,9246,15.87,7,428556454,18.54,26,99819454,18.49,15
110,18.68,6,2751161,11,18.8718.6818.697.7012.51,张杰,2019年周榜单第5期,12.51,12.51,21,84,7.70,111,506655730,18.69,20,145200978,18.87,8
111,17.03,34,742687,12,17.0517.0317.5616.098.66,白宇WHITE,2019年周榜单第5期,8.66,8.66,55,10510,16.09,4,149939036,17.56,77,23877740,17.05,84
112,18.08,13,1704110,13,17.6018.0817.5315.927.06,MD_摩登兄弟,2019年周榜单第5期,7.06,7.06,188,9496,15.92,6,146567905,17.53,79,41328519,17.60,42
113,18.33,10,2087756,14,17.5218.3319.5411.719.01,TFBOYS-王俊凯,2019年周榜单第5期,9.01,9.01,47,846,11.71,50,1259695726,19.54,4,38005072,17.52,52
114,16.52,54,496588,15,18.8316.5217.1914.249.32,火箭少女101_赖美云,2019年周榜单第5期,9.32,9.32,42,3608,14.24,11,101001926,17.19,111,140078370,18.83,9
115,17.51,24,1087201,16,18.9017.5117.8112.958.51,火箭少女101_吴宣仪,2019年周榜单第5期,8.51,8.51,62,1724,12.95,24,197762471,17.81,61,150629941,18.90,7
116,17.18,31,833496,17,18.2717.1817.268.5414.38,刘涛tamia,2019年周榜单第5期,14.38,14.38,7,136,8.54,95,108611813,17.26,103,80087958,18.27,18
117,18.43,9,2249599,18,18.6918.4318.8113.086.49,火箭少女101_杨超越,2019年周榜单第5期,6.49,6.49,272,1852,13.08,20,578474567,18.81,15,121793117,18.69,13
118,17.91,16,1493434,19,17.7217.9118.9912.498.26,努力努力再努力x,2019年周榜单第5期,8.26,8.26,77,1320,12.49,35,700295608,18.99,11,46555580,17.72,34
119,18.61,7,2600697,20,17.7918.6118.1912.977.68,jjjustin0219,2019年周榜单第5期,7.68,7.68,114,1742,12.97,23,294660636,18.19,37,49673298,17.79,28
120,17.67,19,1227877,21,17.6817.6718.5712.678.60,M鹿M,2019年周榜单第5期,8.60,8.60,58,1466,12.67,30,446354041,18.57,24,44635326,17.68,36
121,17.56,21,1131092,22,17.6217.5618.2813.298.32,杨洋,2019年周榜单第5期,8.32,8.32,70,2098,13.29,17,327673203,18.28,32,41958755,17.62,41
122,17.08,33,772891,23,18.2617.0818.7711.748.28,杨紫,2019年周榜单第5期,8.28,8.28,74,858,11.74,49,548676405,18.77,16,79058863,18.26,19
123,18.08,12,1710055,24,18.6018.0819.3210.147.89,吴昕,2019年周榜单第5期,7.89,7.89,96,342,10.14,75,995822574,19.32,6,111514786,18.60,14
124,17.44,26,1026514,25,17.6717.4416.9314.867.09,侯明昊Neo,2019年周榜单第5期,7.09,7.09,183,5176,14.86,10,76568506,16.93,126,44058452,17.67,38
125,19.68,3,7983454,1,20.0019.6819.2020.009.87,蔡徐坤,2019年周榜单第6期,9.87,9.87,28,252258,20.00,1,1085293297,19.20,12,278445805,20.00,1
126,19.48,4,6814962,2,19.0819.4820.0017.318.91,朱一龙,2019年周榜单第6期,8.91,8.91,34,47476,17.31,3,2581649418,20.00,1,113830379,19.08,14
127,16.43,67,576952,3,18.2416.4317.8617.9414.31,罗云熙Leo,2019年周榜单第6期,14.31,14.31,6,70000,17.94,2,255144690,17.86,56,50262865,18.24,50
128,17.42,31,1293578,4,19.5517.4219.4311.8715.35,吴磊LEO,2019年周榜单第6期,15.35,15.35,3,1608,11.87,32,1385092117,19.43,6,179728552,19.55,6
129,17.26,35,1132230,5,19.4117.2617.6813.9714.74,火箭少女101_吴宣仪,2019年周榜单第6期,14.74,14.74,4,5914,13.97,12,208520203,17.68,68,156734457,19.41,9
130,20.00,1,10352596,6,19.7220.0019.9111.318.82,TFBOYS-易烊千玺,2019年周榜单第6期,8.82,8.82,38,1134,11.31,45,2336018439,19.91,2,212571347,19.72,3
131,18.34,15,2716511,7,18.7018.3419.0115.058.63,邓伦,2019年周榜单第6期,8.63,8.63,47,11620,15.05,6,883742892,19.01,15,78508818,18.70,23
132,13.53,229,55755,8,17.6613.5316.1812.5219.50,许晴随行笔记,2019年周榜单第6期,19.50,19.50,1,2400,12.52,21,41245499,16.18,180,28654119,17.66,81
133,16.86,49,820479,9,19.1016.8617.8616.688.78,火箭少女101_孟美岐,2019年周榜单第6期,8.78,8.78,42,32066,16.68,4,253282771,17.86,57,116152473,19.10,13
134,19.91,2,9634437,10,19.4419.9119.5211.118.89,TFBOYS-王俊凯,2019年周榜单第6期,8.89,8.89,36,1000,11.11,51,1526656638,19.52,5,160849961,19.44,8
135,17.82,18,1784663,11,18.1217.8218.5014.908.26,白宇WHITE,2019年周榜单第6期,8.26,8.26,56,10552,14.90,7,505860723,18.50,25,44581001,18.12,56
136,19.29,6,5841181,12,19.3619.2919.3610.638.89,赵丽颖,2019年周榜单第6期,8.89,8.89,35,744,10.63,58,1296061106,19.36,8,149514450,19.36,10
137,19.41,5,6433388,13,19.1919.4119.6310.298.67,TFBOYS-王源,2019年周榜单第6期,8.67,8.67,45,602,10.29,64,1721113817,19.63,3,127193121,19.19,12
138,18.85,8,4073292,14,19.6018.8518.9211.088.22,杨紫,2019年周榜单第6期,8.22,8.22,62,986,11.08,52,799587222,18.92,17,188850243,19.60,4
139,19.07,7,4872998,15,19.2319.0719.1810.328.83,Dear-迪丽热巴,2019年周榜单第6期,8.83,8.83,37,614,10.32,63,1060969111,19.18,14,132012569,19.23,11
140,16.59,63,658720,16,18.2916.5917.539.7014.35,宋茜,2019年周榜单第6期,14.35,14.35,5,418,9.70,77,177440495,17.53,74,53027252,18.29,46
141,18.41,13,2855658,17,18.5118.4117.8713.188.30,杨洋,2019年周榜单第6期,8.30,8.30,54,3636,13.18,15,256091966,17.87,55,65255260,18.51,37
142,16.73,56,736789,18,18.6816.7319.3112.248.80,冯绍峰,2019年周榜单第6期,8.80,8.80,40,2028,12.24,27,1219255259,19.31,10,77242773,18.68,25
143,18.71,9,3643971,19,18.9318.7118.3311.468.27,范丞丞Adam0616,2019年周榜单第6期,8.27,8.27,55,1246,11.46,41,422159759,18.33,29,98007204,18.93,16
144,16.80,53,781440,20,18.4916.8018.627.0914.28,关晓彤,2019年周榜单第6期,14.28,14.28,8,82,7.09,121,576923784,18.62,20,64328225,18.49,40
145,18.01,16,2072555,21,18.2618.0118.7911.578.45,M鹿M,2019年周榜单第6期,8.45,8.45,52,1336,11.57,37,698105812,18.79,18,51223159,18.26,47
146,18.48,12,3033542,22,19.0718.4819.6210.657.23,李易峰,2019年周榜单第6期,7.23,7.23,133,752,10.65,57,1708092994,19.62,4,112342156,19.07,15
147,18.56,11,3226516,23,18.6918.5619.2110.028.19,努力努力再努力x,2019年周榜单第6期,8.19,8.19,64,508,10.02,71,1100214468,19.21,11,77833556,18.69,24
148,16.00,78,408327,24,18.4916.0016.3614.019.40,台风少年团-丁程鑫,2019年周榜单第6期,9.40,9.40,30,6100,14.01,10,49932130,16.36,158,64336893,18.49,39
149,17.38,32,1252017,25,18.8717.3817.8811.917.95,angelababy,2019年周榜单第6期,7.95,7.95,76,1646,11.91,31,259092266,17.88,54,92850513,18.87,20
150,20.00,1,10096196,1,20.0020.0018.5419.5915.00,蔡徐坤,2019年周榜单第7期,15.00,15.00,3,212340,19.59,2,882116928,18.54,8,316077118,20.00,1
151,18.98,3,4441438,2,18.7618.9818.3820.008.48,TFBOYS-王俊凯,2019年周榜单第7期,8.48,8.48,27,274244,20.00,1,739260239,18.38,11,93534557,18.76,20
152,18.93,5,4244772,3,18.8218.9318.9818.148.40,朱一龙,2019年周榜单第7期,8.40,8.40,31,85522,18.14,3,1440235440,18.98,2,99159307,18.82,17
153,14.22,164,95788,4,18.1914.2216.7912.2219.26,许晴随行笔记,2019年周榜单第7期,19.26,19.26,1,2108,12.22,25,126494745,16.79,93,53919151,18.19,43
154,17.07,34,950372,5,19.4017.0717.7113.439.60,吴磊LEO,2019年周榜单第7期,9.60,9.60,16,4476,13.43,14,352763837,17.71,34,175222906,19.40,2
155,17.00,36,898414,6,17.9117.0017.9616.088.21,邓伦,2019年周榜单第7期,8.21,8.21,43,23528,16.08,6,465128613,17.96,21,40772162,17.91,62
156,16.83,40,784585,7,18.5416.8317.5111.6612.07,angelababy,2019年周榜单第7期,12.07,12.07,10,1480,11.66,39,282423589,17.51,40,76099852,18.54,29
157,16.70,45,706251,8,18.9916.7017.0715.148.36,火箭少女101_孟美岐,2019年周榜单第7期,8.36,8.36,32,13082,15.14,9,173023009,17.07,73,117293218,18.99,11
158,18.28,8,2520877,9,19.0118.2818.8311.308.52,TFBOYS-易烊千玺,2019年周榜单第7期,8.52,8.52,24,1180,11.30,45,1222102281,18.83,4,120392608,19.01,9
159,16.00,79,400966,10,17.7716.0016.7117.098.26,罗云熙Leo,2019年周榜单第7期,8.26,8.26,36,44252,17.09,5,115683998,16.71,99,35699198,17.77,72
160,16.99,37,887827,11,19.0916.9917.2913.758.67,火箭少女101_吴宣仪,2019年周榜单第7期,8.67,8.67,21,5492,13.75,13,221163985,17.29,58,130346131,19.09,7
161,18.95,4,4331034,12,19.0818.9518.7210.628.32,TFBOYS-王源,2019年周榜单第7期,8.32,8.32,34,774,10.62,60,1078958969,18.72,5,128171667,19.08,8
162,17.71,18,1597613,13,18.3817.7118.4312.628.11,杨洋,2019年周榜单第7期,8.11,8.11,44,2696,12.62,18,785626578,18.43,10,64604614,18.38,34
163,17.73,17,1618629,14,18.1617.7318.6612.188.25,M鹿M,2019年周榜单第7期,8.25,8.25,37,2052,12.18,27,1005933794,18.66,6,52210264,18.16,48
164,17.51,21,1359241,15,18.6117.5118.2711.858.45,杨幂,2019年周榜单第7期,8.45,8.45,30,1664,11.85,35,656727564,18.27,14,81125292,18.61,24
165,18.64,6,3381071,16,18.5118.6417.3012.327.89,范丞丞Adam0616,2019年周榜单第7期,7.89,7.89,59,2238,12.32,24,223626615,17.30,57,73390422,18.51,32
166,19.01,2,4556163,17,18.8019.0118.3510.467.95,努力努力再努力x,2019年周榜单第7期,7.95,7.95,54,698,10.46,64,718535877,18.35,12,97734926,18.80,19
167,17.13,31,995628,18,19.3217.1320.0010.667.33,翟天临,2019年周榜单第7期,7.33,7.33,100,794,10.66,58,4478806278,20.00,1,162296622,19.32,4
168,18.20,11,2357790,19,18.9918.2018.5710.298.28,赵丽颖,2019年周榜单第7期,8.28,8.28,35,626,10.29,66,911066340,18.57,7,117870498,18.99,10
169,18.26,9,2490634,20,18.8018.2617.7210.878.52,Dear-迪丽热巴,2019年周榜单第7期,8.52,8.52,23,902,10.87,51,357402036,17.72,33,97962244,18.80,18
170,18.63,7,3338395,21,18.3718.6317.5112.387.16,jjjustin0219,2019年周榜单第7期,7.16,7.16,112,2328,12.38,23,280514638,17.51,41,63869458,18.37,36
171,16.37,58,538534,22,18.3816.3718.3512.128.48,冯绍峰,2019年周榜单第7期,8.48,8.48,26,1970,12.12,28,713933648,18.35,13,64886578,18.38,33
172,16.33,62,523551,23,17.1916.3316.9315.197.87,白宇WHITE,2019年周榜单第7期,7.87,7.87,61,13500,15.19,8,147867710,16.93,83,20155908,17.19,114
173,18.17,12,2316425,24,19.1118.1717.9611.746.46,胡歌,2019年周榜单第7期,6.46,6.46,190,1552,11.74,38,462469014,17.96,22,132208785,19.11,6
174,15.27,107,222543,25,16.7115.2716.3213.1411.87,熊梓淇,2019年周榜单第7期,11.87,11.87,11,3730,13.14,15,75199768,16.32,128,12672695,16.71,145
175,20.00,1,8018427,1,20.0020.0019.6720.0010.00,蔡徐坤,2019年周榜单第8期,10.00,10.00,15,202742,20.00,1,1253058230,19.67,2,277006130,20.00,1
176,19.13,4,4005120,2,18.5219.1319.3219.038.20,朱一龙,2019年周榜单第8期,8.20,8.20,34,111794,19.03,2,861559535,19.32,6,65881377,18.52,21
177,13.94,181,64698,3,17.9313.9416.7712.5418.49,许晴随行笔记,2019年周榜单第8期,18.49,18.49,1,2126,12.54,42,57534099,16.77,145,37201665,17.93,55
178,19.00,6,3635875,4,18.9119.0019.4213.818.05,TFBOYS-王源,2019年周榜单第8期,8.05,8.05,38,4624,13.81,19,966901081,19.42,3,95702831,18.91,13
179,15.40,98,207778,5,18.4515.4017.9312.7114.26,于朦胧,2019年周榜单第8期,14.26,14.26,4,2356,12.71,39,196924166,17.93,64,61432824,18.45,25
180,17.01,33,747031,6,18.9717.0118.3115.988.26,火箭少女101_孟美岐,2019年周榜单第8期,8.26,8.26,30,17432,15.98,7,296734122,18.31,37,101515292,18.97,11
181,17.44,22,1046984,7,17.7217.4418.8816.347.76,M鹿M,2019年周榜单第8期,7.76,7.76,52,21720,16.34,6,544240872,18.88,14,30167484,17.72,74
182,16.27,52,412294,8,17.9016.2718.2917.358.28,罗云熙Leo,2019年周榜单第8期,8.28,8.28,28,40226,17.35,4,289272617,18.29,38,36007364,17.90,57
183,19.21,2,4279905,9,18.3919.2118.2315.127.14,jjjustin0219,2019年周榜单第8期,7.14,7.14,97,10308,15.12,10,269840904,18.23,42,57770726,18.39,28
184,17.78,14,1369719,10,18.3617.7818.4715.087.87,邓伦,2019年周榜单第8期,7.87,7.87,48,10060,15.08,11,349291330,18.47,28,56481872,18.36,30
185,17.31,24,943746,11,19.3917.3118.0714.378.37,火箭少女101_吴宣仪,2019年周榜单第8期,8.37,8.37,25,6494,14.37,17,228691578,18.07,55,152603826,19.39,5
186,16.93,36,699494,12,19.5516.9318.1212.679.56,吴磊LEO,2019年周榜单第8期,9.56,9.56,16,2296,12.67,40,241707708,18.12,52,178790171,19.55,4
187,18.35,11,2159946,13,18.3118.3518.0814.097.59,范丞丞Adam0616,2019年周榜单第8期,7.59,7.59,61,5484,14.09,18,230172169,18.08,54,53690542,18.31,34
188,17.79,13,1384656,14,18.5817.7920.0011.258.41,TFBOYS-易烊千玺,2019年周榜单第8期,8.41,8.41,23,966,11.25,67,1785988625,20.00,1,69975314,18.58,20
189,18.21,12,1928581,15,18.2318.2119.1611.978.26,TFBOYS-王俊凯,2019年周榜单第8期,8.26,8.26,31,1498,11.97,54,729558194,19.16,8,49495232,18.23,38
190,18.82,8,3147500,16,18.4318.8218.7011.458.03,白敬亭,2019年周榜单第8期,8.03,8.03,40,1092,11.45,63,446983441,18.70,20,60513584,18.43,26
191,17.17,26,844571,17,17.6717.1718.8614.906.59,李易峰,2019年周榜单第8期,6.59,6.59,150,9004,14.90,14,531337469,18.86,15,28789656,17.67,78
192,19.15,3,4086032,18,19.0419.1518.979.887.94,努力努力再努力x,2019年周榜单第8期,7.94,7.94,43,418,9.88,88,593617083,18.97,11,109008829,19.04,8
193,16.18,55,385920,19,18.0516.1816.9215.088.73,台风少年团-丁程鑫,2019年周榜单第8期,8.73,8.73,18,10058,15.08,12,67327763,16.92,137,41487085,18.05,47
194,17.44,21,1048534,20,18.9917.4418.3312.857.24,杨紫,2019年周榜单第8期,7.24,7.24,88,2568,12.85,35,301602987,18.33,33,103891364,18.99,10
195,19.03,5,3713893,21,19.2219.0318.9817.460.00,小辫儿张云雷,2019年周榜单第8期,0.00,0.00,1250,42922,17.46,3,600244728,18.98,10,129441806,19.22,6
196,16.24,54,404153,22,18.3416.2417.9414.967.19,熊梓淇,2019年周榜单第8期,7.19,7.19,91,9306,14.96,13,198863134,17.94,63,55181633,18.34,31
197,17.07,30,782196,23,18.0217.0718.2113.008.20,Dear-迪丽热巴,2019年周榜单第8期,8.20,8.20,33,2808,13.00,30,265069849,18.21,45,40277381,18.02,49
198,13.73,194,54888,24,17.8713.7316.1610.8315.84,创造营2019-夏之光,2019年周榜单第8期,15.84,15.84,3,746,10.83,74,29944562,16.16,212,35043220,17.87,58
199,17.17,28,842635,25,17.0417.1717.2616.686.22,MD_摩登兄弟,2019年周榜单第8期,6.22,6.22,209,26728,16.68,5,96018913,17.26,117,15633068,17.04,120
200,20.00,1,8917780,1,20.0020.0019.4119.7610.00,蔡徐坤,2019年周榜单第9期,10.00,10.00,19,75816,19.76,2,849175089,19.41,5,490683059,20.00,1
201,15.59,84,261544,2,17.7615.5918.1016.7316.49,熊梓淇,2019年周榜单第9期,16.49,16.49,4,13512,16.73,8,213118926,18.10,52,52309276,17.76,31
202,17.38,21,1094830,3,18.4217.3818.8612.3414.54,杨紫,2019年周榜单第9期,14.54,14.54,6,1116,12.34,40,474646497,18.86,14,100753969,18.42,11
203,17.40,20,1111198,4,17.1017.4019.1018.248.07,朱一龙,2019年周榜单第9期,8.07,8.07,44,31838,18.24,3,613990698,19.10,9,26895610,17.10,86
204,16.79,33,685469,5,16.6616.7917.7020.007.97,白宇WHITE,2019年周榜单第9期,7.97,7.97,49,86736,20.00,1,138553389,17.70,80,17348779,16.66,118
205,16.19,54,424073,6,17.6516.1918.1217.708.28,罗云熙Leo,2019年周榜单第9期,8.28,8.28,33,23468,17.70,4,216416188,18.12,50,46846053,17.65,39
206,17.45,19,1161690,7,18.6317.4518.6714.648.03,火箭少女101_孟美岐,2019年周榜单第9期,8.03,8.03,47,4114,14.64,14,387783283,18.67,23,124672543,18.63,8
207,12.48,268,21683,8,16.5112.4817.0313.4617.92,许晴随行笔记,2019年周榜单第9期,17.92,17.92,1,2104,13.46,21,68027401,17.03,138,14886788,16.51,131
208,17.90,14,1660286,9,19.3217.9019.0112.008.99,angelababy,2019年周榜单第9期,8.99,8.99,23,916,12.00,45,555246177,19.01,12,247368448,19.32,2
209,14.74,127,132879,10,17.3014.7416.6111.1616.86,创造营2019-夏之光,2019年周榜单第9期,16.86,16.86,2,570,11.16,59,43705801,16.61,173,32845141,17.30,66
210,18.36,5,2393814,11,18.9318.3620.0010.718.67,杨幂,2019年周榜单第9期,8.67,8.67,26,442,10.71,66,1587298240,20.00,1,168466535,18.93,5
211,16.60,37,588247,12,17.2816.6015.4915.8711.15,韩沐伯,2019年周榜单第9期,11.15,11.15,16,8310,15.87,10,13381198,15.49,279,32246655,17.28,68
212,15.62,82,268907,13,17.4015.6216.5217.329.45,刘人语Reyi_,2019年周榜单第9期,9.45,9.45,20,18862,17.32,5,39964679,16.52,178,36237179,17.40,58
213,16.92,31,755845,14,17.4916.9218.4615.697.53,邓伦,2019年周榜单第9期,7.53,7.53,72,7496,15.69,11,312147190,18.46,32,39970225,17.49,49
214,18.08,10,1924819,15,18.1818.0818.8012.448.20,Dear-迪丽热巴,2019年周榜单第9期,8.20,8.20,36,1180,12.44,39,446121354,18.80,16,79708105,18.18,17
215,15.65,80,274605,16,19.1215.6517.5314.238.82,火箭少女101_赖美云,2019年周榜单第9期,8.82,8.82,24,3270,14.23,17,116451831,17.53,96,203114093,19.12,4
216,17.04,29,831600,17,17.5517.0417.9114.078.47,金瀚Kim,2019年周榜单第9期,8.47,8.47,29,2984,14.07,18,173756449,17.91,66,42126426,17.55,45
217,15.46,88,235580,18,18.8415.4618.5712.689.29,吴磊LEO,2019年周榜单第9期,9.29,9.29,21,1354,12.68,31,350451807,18.57,27,153488674,18.84,6
218,16.92,30,757141,19,18.6616.9217.9612.948.18,火箭少女101_吴宣仪,2019年周榜单第9期,8.18,8.18,38,1570,12.94,28,182204857,17.96,62,128856503,18.66,7
219,18.58,4,2867934,20,18.4118.5819.3710.567.66,努力努力再努力x,2019年周榜单第9期,7.66,7.66,63,404,10.56,73,812791017,19.37,6,99759049,18.41,12
220,18.65,2,3026542,21,18.1818.6519.3010.707.73,TFBOYS-王源,2019年周榜单第9期,7.73,7.73,60,438,10.70,67,755765619,19.30,7,79802689,18.18,16
221,18.24,8,2186086,22,17.9118.2418.0911.798.50,范丞丞Adam0616,2019年周榜单第9期,8.50,8.50,28,814,11.79,49,209970344,18.09,53,60480930,17.91,24
222,17.48,18,1186998,23,16.4417.4817.3117.236.07,MD_摩登兄弟,2019年周榜单第9期,6.07,6.07,228,17924,17.23,6,91419861,17.31,111,13943505,16.44,138
223,18.19,9,2090639,24,17.6118.1918.7711.738.11,TFBOYS-王俊凯,2019年周榜单第9期,8.11,8.11,41,788,11.73,52,429148478,18.77,18,44940507,17.61,40
224,16.47,41,530265,25,18.1916.4717.5015.316.73,曾舜晞Joseph,2019年周榜单第9期,6.73,6.73,136,6020,15.31,12,112572664,17.50,99,80009236,18.19,15
225,20.00,1,6173564,1,19.9920.0019.8120.0010.00,蔡徐坤,2019年周榜单第10期,10.00,10.00,85,64676,20.00,1,1160802692,19.81,2,308735530,19.99,2
226,16.75,52,488348,2,19.0216.7518.3816.7214.15,火箭少女101_孟美岐,2019年周榜单第10期,14.15,14.15,9,10528,16.72,10,258710845,18.38,36,120053095,19.02,6
227,16.40,62,369772,3,17.9116.4018.3316.1615.78,熊梓淇,2019年周榜单第10期,15.78,15.78,3,7730,16.16,13,245663300,18.33,40,40366105,17.91,49
228,19.17,4,3219254,4,18.0319.1719.2518.928.10,朱一龙,2019年周榜单第10期,8.10,8.10,104,35496,18.92,2,643882126,19.25,6,45565898,18.03,39
229,17.69,22,1011129,5,18.3317.6916.6015.6214.98,韩沐伯,2019年周榜单第10期,14.98,14.98,6,5724,15.62,14,39616186,16.60,180,61075028,18.33,25
230,13.93,201,53663,6,17.7213.9317.4214.2618.94,许晴随行笔记,2019年周榜单第10期,18.94,18.94,1,2690,14.26,16,94113172,17.42,109,33647309,17.72,59
231,17.07,37,624092,7,18.9617.0718.3113.0514.12,火箭少女101_吴宣仪,2019年周榜单第10期,14.12,14.12,10,1380,13.05,31,239900096,18.31,43,112998422,18.96,8
232,16.85,46,527582,8,18.5116.8517.1613.1215.78,刘人语Reyi_,2019年周榜单第10期,15.78,15.78,4,1432,13.12,27,71543280,17.16,129,73015476,18.51,14
233,18.51,10,1920820,9,17.9518.5118.3716.737.82,范丞丞Adam0616,2019年周榜单第10期,7.82,7.82,118,10596,16.73,9,254991985,18.37,37,42107217,17.95,43
234,17.39,30,800565,10,17.4617.3917.9017.708.20,金瀚Kim,2019年周榜单第10期,8.20,8.20,100,18104,17.70,4,155510792,17.90,71,26076948,17.46,77
235,16.22,70,322216,11,17.8616.2216.8413.7513.86,侯明昊Neo,2019年周榜单第10期,13.86,13.86,12,2026,13.75,19,51158767,16.84,153,38544847,17.86,51
236,16.39,63,366415,12,17.7016.3917.4518.108.29,罗云熙Leo,2019年周榜单第10期,8.29,8.29,97,22640,18.10,3,96918294,17.45,107,32901879,17.70,60
237,17.68,23,1007127,13,17.9417.6818.5716.247.43,邓伦,2019年周榜单第10期,7.43,7.43,138,8046,16.24,11,315745742,18.57,26,41718071,17.94,44
238,18.65,8,2141882,14,18.7918.6518.3513.227.77,薛之谦,2019年周榜单第10期,7.77,7.77,121,1516,13.22,25,251300028,18.35,38,95732118,18.79,10
239,18.28,13,1615176,15,18.1118.2818.8513.417.63,M鹿M,2019年周榜单第10期,7.63,7.63,128,1682,13.41,23,423765113,18.85,17,49133184,18.11,32
240,15.91,78,253086,16,19.1715.9117.7914.188.99,火箭少女101_赖美云,2019年周榜单第10期,8.99,8.99,92,2574,14.18,17,139228635,17.79,76,138838006,19.17,4
241,18.13,16,1434716,17,18.7118.1318.4912.558.06,angelababy,2019年周榜单第10期,8.06,8.06,106,1042,12.55,41,289798152,18.49,32,88533622,18.71,12
242,16.05,75,281881,18,16.6416.0516.8112.3813.76,胡一天啊,2019年周榜单第10期,13.76,13.76,14,952,12.38,45,49499861,16.81,161,11647073,16.64,142
243,17.39,29,802114,19,18.2417.3920.0010.519.45,赵丽颖,2019年周榜单第10期,9.45,9.45,88,338,10.51,72,1422689880,20.00,1,55975238,18.24,27
244,17.11,36,643031,20,18.4217.1117.4716.206.34,曾舜晞Joseph,2019年周榜单第10期,6.34,6.34,233,7900,16.20,12,98850684,17.47,106,66468254,18.42,20
245,16.00,76,270881,21,17.3716.0017.2116.877.96,火箭少女101_紫宁,2019年周榜单第10期,7.96,7.96,109,11444,16.87,8,75171651,17.21,124,23915418,17.37,84
246,18.73,6,2285575,22,18.0518.7319.6910.488.15,TFBOYS-易烊千玺,2019年周榜单第10期,8.15,8.15,102,332,10.48,73,1025998293,19.69,3,46492031,18.05,37
247,18.33,12,1674521,23,18.3818.3319.1612.086.95,李易峰,2019年周榜单第10期,6.95,6.95,169,804,12.08,54,588063817,19.16,9,64012639,18.38,22
248,16.31,66,345648,24,16.9916.3118.1015.457.93,白宇WHITE,2019年周榜单第10期,7.93,7.93,110,5204,15.45,15,191620531,18.10,58,16546530,16.99,109
249,17.04,38,609364,25,17.8117.0418.7513.088.09,Dear-迪丽热巴,2019年周榜单第10期,8.09,8.09,105,1400,13.08,29,382694946,18.75,21,36909772,17.81,53
250,20.00,1,7840702,1,19.8420.0020.0020.0013.65,蔡徐坤,2019年周榜单第11期,13.65,13.65,12,61966,20.00,1,1898796273,20.00,1,298633952,19.84,2
251,17.47,21,1051461,2,19.0417.4718.2116.7712.94,火箭少女101_孟美岐,2019年周榜单第11期,12.94,12.94,19,10432,16.77,8,279325949,18.21,33,135962534,19.04,6
252,18.99,3,3517262,3,18.1018.9918.8618.467.99,朱一龙,2019年周榜单第11期,7.99,7.99,125,26552,18.46,2,562623382,18.86,13,53638307,18.10,27
253,18.11,11,1744540,4,18.0418.1117.4214.2314.17,金瀚Kim,2019年周榜单第11期,14.17,14.17,7,2572,14.23,15,120155574,17.42,83,50624902,18.04,29
254,16.92,38,682371,5,17.4316.9218.2417.0911.96,邓伦,2019年周榜单第11期,11.96,11.96,35,12430,17.09,5,288908014,18.24,31,27984098,17.43,76
255,13.56,205,47101,6,17.6413.5616.8314.0718.57,许晴随行笔记,2019年周榜单第11期,18.57,18.57,1,2352,14.07,17,64471285,16.83,126,34269168,17.64,58
256,18.34,6,2106778,7,18.4818.3418.9512.2712.53,Dear-迪丽热巴,2019年周榜单第11期,12.53,12.53,24,872,12.27,45,621391299,18.95,11,78045660,18.48,13
257,15.76,76,270799,8,17.5415.7617.6714.9414.13,熊梓淇,2019年周榜单第11期,14.13,14.13,8,3806,14.94,12,157280551,17.67,71,30940344,17.54,63
258,17.28,29,908597,9,19.0317.2817.6412.8612.92,火箭少女101_吴宣仪,2019年周榜单第11期,12.92,12.92,20,1208,12.86,34,152026061,17.64,73,133847875,19.03,7
259,17.52,19,1095157,10,17.6417.5217.4214.8511.96,白宇WHITE,2019年周榜单第11期,11.96,11.96,36,3622,14.85,13,120951777,17.42,81,34157257,17.64,59
260,18.67,4,2723994,11,18.1218.6717.9611.6111.42,THEO-朱正廷,2019年周榜单第11期,11.42,11.42,64,606,11.61,60,213903757,17.96,53,54762086,18.12,25
261,18.02,13,1622553,12,18.0118.0217.8611.9111.83,范丞丞Adam0616,2019年周榜单第11期,11.83,11.83,43,716,11.91,48,192973443,17.86,61,49360533,18.01,30
262,16.94,36,692418,13,18.5516.9418.2111.9611.95,杨紫,2019年周榜单第11期,11.95,11.95,37,736,11.96,47,279411486,18.21,32,83652445,18.55,11
263,16.61,46,532617,14,17.7816.6117.0218.028.04,罗云熙Leo,2019年周榜单第11期,8.04,8.04,121,20816,18.02,3,78515650,17.02,114,39219446,17.78,47
264,15.87,69,296330,15,17.8815.8718.1813.1612.31,angelababy,2019年周榜单第11期,12.31,12.31,28,1420,13.16,24,270685918,18.18,35,43368052,17.88,38
265,17.30,28,922088,16,17.5417.3018.1412.2711.99,杨洋,2019年周榜单第11期,11.99,11.99,33,872,12.27,44,260872204,18.14,39,30901106,17.54,64
266,17.59,17,1156024,17,17.7717.5918.0911.7212.04,李易峰,2019年周榜单第11期,12.04,12.04,31,642,11.72,56,247598757,18.09,46,38972311,17.77,48
267,17.22,31,860121,18,17.4917.2217.6313.0211.64,魏大勋,2019年周榜单第11期,11.64,11.64,54,1316,13.02,29,150882169,17.63,76,29617221,17.49,69
268,15.69,80,256108,19,17.4515.6917.6811.6714.47,赵薇,2019年周榜单第11期,14.47,14.47,5,626,11.67,57,159624330,17.68,69,28501162,17.45,72
269,17.46,22,1042057,20,17.2517.4617.7012.5511.49,jjjustin0219,2019年周榜单第11期,11.49,11.49,61,1018,12.55,37,163265276,17.70,66,23282675,17.25,90
270,16.51,50,492424,21,17.9716.5119.299.5312.37,杨幂,2019年周榜单第11期,12.37,12.37,27,192,9.53,86,885867260,19.29,3,47244743,17.97,32
271,17.09,34,781227,22,18.1917.0915.8314.589.84,韩沐伯,2019年周榜单第11期,9.84,9.84,99,3116,14.58,14,22193166,15.83,208,58800642,18.19,23
272,18.19,9,1856737,23,17.4118.1919.1213.087.62,TFBOYS-王俊凯,2019年周榜单第11期,7.62,7.62,133,1360,13.08,28,743681876,19.12,6,27438991,17.41,80
273,17.69,15,1249407,24,16.8917.6917.8216.915.98,MD_摩登兄弟,2019年周榜单第11期,5.98,5.98,253,11292,16.91,6,184099363,17.82,63,16357029,16.89,116
274,16.24,56,397238,25,19.1916.2417.6812.879.12,吴磊LEO,2019年周榜单第11期,9.12,9.12,102,1214,12.87,33,159643530,17.68,68,157060071,19.19,5
275,20.00,1,5762906,1,20.0020.0019.7220.009.99,蔡徐坤,2019年周榜单第12期,9.99,9.99,33,69946,20.00,1,895964277,19.72,5,226767815,20.00,1
276,17.51,24,830797,2,18.1817.5118.7616.4614.10,邓伦,2019年周榜单第12期,14.10,14.10,5,9710,16.46,8,327745281,18.76,20,39475838,18.18,39
277,15.99,73,254773,3,17.7915.9918.1816.0715.62,熊梓淇,2019年周榜单第12期,15.62,15.62,4,7796,16.07,9,178513492,18.18,47,27068016,17.79,60
278,18.99,4,2633902,4,18.1818.9919.2018.778.10,朱一龙,2019年周榜单第12期,8.10,8.10,61,35316,18.77,2,516871803,19.20,10,39379555,18.18,40
279,17.51,25,828811,5,19.3117.5118.1916.889.14,火箭少女101_孟美岐,2019年周榜单第12期,9.14,9.14,36,12274,16.88,4,180027544,18.19,46,116337180,19.31,7
280,19.04,3,2719576,6,18.3719.0418.3714.907.55,THEO-朱正廷,2019年周榜单第12期,7.55,7.55,94,4076,14.90,13,218660007,18.37,36,47116046,18.37,24
281,17.17,33,637327,7,19.5717.1718.5213.339.06,吴磊LEO,2019年周榜单第12期,9.06,9.06,38,1692,13.33,24,255438632,18.52,30,150043918,19.57,5
282,17.72,18,974332,8,18.3517.7218.2915.178.09,白宇WHITE,2019年周榜单第12期,8.09,8.09,63,4716,15.17,12,201298821,18.29,40,46280558,18.35,27
283,16.10,67,276546,9,18.0416.1017.6918.397.37,罗云熙Leo,2019年周榜单第12期,7.37,7.37,105,28548,18.39,3,107002205,17.69,84,34386441,18.04,45
284,17.36,30,739987,10,19.3617.3617.9313.009.28,火箭少女101_吴宣仪,2019年周榜单第12期,9.28,9.28,35,1406,13.00,32,137755170,17.93,64,122424265,19.36,6
285,16.80,40,477409,11,18.1916.8019.3216.835.77,火箭少女101_杨超越,2019年周榜单第12期,5.77,5.77,295,11940,16.83,5,587167054,19.32,9,39917947,18.19,38
286,18.51,9,1801804,12,18.6118.5118.8913.047.60,M鹿M,2019年周榜单第12期,7.60,7.60,88,1444,13.04,30,374478861,18.89,16,59528889,18.61,13
287,17.62,20,907098,13,18.3317.6218.5115.546.54,曾舜晞Joseph,2019年周榜单第12期,6.54,6.54,182,5800,15.54,11,252727038,18.51,32,45467766,18.33,31
288,19.32,2,3401981,14,18.6919.3219.6610.688.12,TFBOYS-易烊千玺,2019年周榜单第12期,8.12,8.12,60,386,10.68,65,844189318,19.66,6,64306667,18.69,12
289,13.04,256,25491,15,16.8613.0416.3313.4716.51,许晴随行笔记,2019年周榜单第12期,16.51,16.51,3,1836,13.47,22,25960512,16.33,194,11110039,16.86,137
290,16.69,45,437636,16,18.3916.6917.6613.1710.00,刘人语Reyi_,2019年周榜单第12期,10.00,10.00,32,1548,13.17,25,103510857,17.66,85,48216858,18.39,23
291,18.36,11,1604277,17,17.2818.3617.4516.665.85,MD_摩登兄弟,2019年周榜单第12期,5.85,5.85,274,10870,16.66,6,83733995,17.45,102,16633167,17.28,100
292,18.71,7,2114103,18,17.9418.7118.1013.057.59,jjjustin0219,2019年周榜单第12期,7.59,7.59,89,1446,13.05,29,164791398,18.10,53,31137759,17.94,55
293,18.07,14,1283421,19,19.0418.0718.3711.807.88,杨紫,2019年周榜单第12期,7.88,7.88,76,720,11.80,48,217882943,18.37,37,90203541,19.04,8
294,17.89,17,1117474,20,18.0117.8917.4613.758.00,金瀚Kim,2019年周榜单第12期,8.00,8.00,71,2142,13.75,16,84126108,17.46,100,33285516,18.01,50
295,17.29,32,696998,21,18.3017.2918.8212.238.45,Dear-迪丽热巴,2019年周榜单第12期,8.45,8.45,44,916,12.23,42,348342963,18.82,18,44363091,18.30,34
296,17.47,27,803272,22,17.8117.4718.3713.427.73,李易峰,2019年周榜单第12期,7.73,7.73,82,1780,13.42,23,217081619,18.37,38,27580834,17.81,59
297,18.92,5,2492784,23,18.9318.9219.1110.437.04,努力努力再努力x,2019年周榜单第12期,7.04,7.04,139,336,10.43,69,472270521,19.11,12,81176104,18.93,9
298,17.38,28,750404,24,18.5517.3820.009.908.41,杨幂,2019年周榜单第12期,8.41,8.41,46,250,9.90,78,1198608356,20.00,1,56350309,18.55,18
299,18.36,10,1612219,25,18.6018.3619.8210.137.33,TFBOYS-王源,2019年周榜单第12期,7.33,7.33,109,284,10.13,75,991012942,19.82,3,58842262,18.60,15
300,20.00,1,6393785,1,20.0020.0019.7320.009.96,蔡徐坤,2019年周榜单第13期,9.96,9.96,57,54106,20.00,1,704259661,19.73,4,248671288,20.00,1
301,17.69,21,1044953,2,18.4217.6919.3616.5414.11,邓伦,2019年周榜单第13期,14.11,14.11,8,8208,16.54,8,480657355,19.36,13,54051883,18.42,21
302,17.05,33,631364,3,19.2217.0518.4617.678.95,火箭少女101_孟美岐,2019年周榜单第13期,8.95,8.95,63,15202,17.67,4,190009574,18.46,52,116531584,19.22,7
303,18.06,15,1402192,4,17.7418.0619.1618.337.96,朱一龙,2019年周榜单第13期,7.96,7.96,85,21790,18.33,3,393433834,19.16,17,28085741,17.74,53
304,16.62,40,452739,5,18.5116.6217.6713.3115.00,刘人语Reyi_,2019年周榜单第13期,15.00,15.00,4,1416,13.31,26,83841088,17.67,110,58809814,18.51,18
305,18.82,5,2539065,6,19.4118.8219.5016.386.27,不啊可能是郑柏旭,2019年周榜单第13期,6.27,6.27,230,7518,16.38,10,559728283,19.50,9,140811484,19.41,4
306,16.13,63,308182,7,19.0316.1317.9712.6214.23,火箭少女101_赖美云,2019年周榜单第13期,14.23,14.23,7,970,12.62,39,114591864,17.97,88,96908336,19.03,9
307,17.72,19,1068886,8,19.2917.7218.6313.768.79,火箭少女101_吴宣仪,2019年周榜单第13期,8.79,8.79,64,1806,13.76,21,227632406,18.63,41,125432937,19.29,6
308,16.56,43,433146,9,18.0816.5617.7118.517.30,罗云熙Leo,2019年周榜单第13期,7.30,7.30,130,24080,18.51,2,87817223,17.71,104,38748387,18.08,32
309,15.76,78,231116,10,17.6115.7618.3012.1113.93,许魏洲ZZ,2019年周榜单第13期,13.93,13.93,10,736,12.11,44,161125659,18.30,66,24785756,17.61,65
310,17.69,22,1044600,11,18.6217.6919.3315.186.80,曾舜晞Joseph,2019年周榜单第13期,6.80,6.80,173,3920,15.18,13,467532807,19.33,14,65198853,18.62,17
311,18.63,6,2188476,12,17.6618.6318.2416.835.83,MD_摩登兄弟,2019年周榜单第13期,5.83,5.83,285,9626,16.83,7,151862768,18.24,71,25778242,17.66,60
312,16.32,52,358621,13,17.7416.3218.1716.997.63,吴倩mine4ever,2019年周榜单第13期,7.63,7.63,105,10482,16.99,5,140859172,18.17,78,27949827,17.74,55
313,19.01,2,2948710,14,18.3519.0119.8411.257.67,TFBOYS-易烊千玺,2019年周榜单第13期,7.67,7.67,99,460,11.25,63,788469280,19.84,3,50271135,18.35,23
314,18.32,11,1710326,15,19.3418.3219.8910.238.29,杨幂,2019年周榜单第13期,8.29,8.29,72,264,10.23,82,837009871,19.89,2,131284123,19.34,5
315,15.69,82,218033,16,17.0315.6918.2416.408.67,熊梓淇,2019年周榜单第13期,8.67,8.67,65,7612,16.40,9,151785219,18.24,72,14029991,17.03,112
316,18.84,3,2577508,17,18.9718.8419.6411.457.03,努力努力再努力x,2019年周榜单第13期,7.03,7.03,149,514,11.45,56,643549234,19.64,6,91622619,18.97,11
317,18.32,10,1715716,18,17.9818.3219.0213.147.45,jjjustin0219,2019年周榜单第13期,7.45,7.45,118,1290,13.14,30,340982110,19.02,24,35287077,17.98,38
318,17.98,17,1313099,19,18.1117.9819.0913.117.60,M鹿M,2019年周榜单第13期,7.60,7.60,107,1268,13.11,31,366764890,19.09,20,40149168,18.11,31
319,17.35,24,804697,20,18.1917.3518.7013.318.23,Dear-迪丽热巴,2019年周榜单第13期,8.23,8.23,76,1412,13.31,27,244778076,18.70,39,43301125,18.19,30
320,16.63,39,455057,21,17.4116.6318.4215.327.98,白宇WHITE,2019年周榜单第13期,7.98,7.98,84,4224,15.32,12,183301622,18.42,56,20329027,17.41,78
321,13.03,252,27125,22,16.4413.0315.3514.0916.50,许晴随行笔记,2019年周榜单第13期,16.50,16.50,2,2158,14.09,17,7666628,15.35,343,7965548,16.44,165
322,18.38,9,1799779,23,18.4418.3818.9911.427.79,李易峰,2019年周榜单第13期,7.79,7.79,93,504,11.42,58,330364344,18.99,26,55127233,18.44,20
323,15.77,77,232240,24,17.1015.7717.3212.1312.68,潘粤明,2019年周榜单第13期,12.68,12.68,32,742,12.13,43,58669715,17.32,138,15032968,17.10,103
324,18.46,8,1912472,25,18.2318.4619.4710.817.90,范丞丞Adam0616,2019年周榜单第13期,7.90,7.90,88,362,10.81,72,537923043,19.47,11,44907278,18.23,27
325,20.00,1,10145076,1,20.0020.0020.0020.009.82,蔡徐坤,2019年周榜单第14期,9.82,9.82,133,85836,20.00,1,785063859,20.00,1,259578611,20.00,1
326,18.57,4,3197216,2,18.4318.5719.2517.9212.47,朱一龙,2019年周榜单第14期,12.47,12.47,28,26296,17.92,2,364523912,19.25,16,56817192,18.43,20
327,17.83,13,1758669,3,18.2317.8318.7117.0713.35,王子异,2019年周榜单第14期,13.35,13.35,15,16246,17.07,4,208980676,18.71,45,46726004,18.23,28
328,17.52,17,1377069,4,18.7817.5218.3715.2113.54,许凯soso,2019年周榜单第14期,13.54,13.54,13,5638,15.21,11,147350529,18.37,75,79274302,18.78,13
329,16.15,53,454034,5,18.5116.1517.8813.9616.33,刘人语Reyi_,2019年周榜单第14期,16.33,16.33,4,2772,13.96,16,89100978,17.88,99,61245524,18.51,18
330,18.22,6,2420947,6,18.2618.2219.3314.1512.09,jjjustin0219,2019年周榜单第14期,12.09,12.09,51,3098,14.15,14,397070973,19.33,13,47970149,18.26,27
331,18.99,2,4490366,7,19.1918.9919.9410.9812.46,努力努力再努力x,2019年周榜单第14期,12.46,12.46,30,510,10.98,64,738838946,19.94,3,118665769,19.19,6
332,17.46,19,1311510,8,18.7917.4618.9111.5414.79,杨紫,2019年周榜单第14期,14.79,14.79,7,704,11.54,59,256026081,18.91,35,80320474,18.79,12
333,15.85,62,356600,9,18.0315.8518.0617.2612.23,罗云熙Leo,2019年周榜单第14期,12.23,12.23,42,18150,17.26,3,108067407,18.06,91,38456911,18.03,33
334,18.24,5,2444828,10,19.3418.2419.6611.7512.45,不啊可能是郑柏旭,2019年周榜单第14期,12.45,12.45,33,790,11.75,54,554331895,19.66,9,136709059,19.34,4
335,15.18,93,208064,11,16.9715.1818.5215.1415.19,熊梓淇,2019年周榜单第14期,15.19,15.19,6,5428,15.14,12,173160408,18.52,55,13765230,16.97,116
336,16.81,35,776674,12,17.7416.8118.7115.6212.04,白宇WHITE,2019年周榜单第14期,12.04,12.04,53,7124,15.62,10,208943533,18.71,46,29197609,17.74,54
337,14.68,127,139322,13,18.5914.6817.4912.5317.47,苏芮琪Sury_,2019年周榜单第14期,17.47,17.47,1,1232,12.53,35,60184337,17.49,120,65922255,18.59,16
338,16.27,47,500042,14,19.4716.2718.2113.7213.02,吴磊LEO,2019年周榜单第14期,13.02,13.02,18,2428,13.72,19,125201762,18.21,83,154928928,19.47,3
339,17.11,28,986942,15,18.3817.1119.2613.8512.08,曾舜晞Joseph,2019年周榜单第14期,12.08,12.08,52,2606,13.85,18,367209229,19.26,15,53855289,18.38,22
340,17.85,12,1795553,16,18.3017.8519.0512.4012.77,Dear-迪丽热巴,2019年周榜单第14期,12.77,12.77,22,1144,12.40,39,295472674,19.05,25,50026688,18.30,25
341,17.92,10,1896994,17,18.1217.9219.6512.1912.19,范丞丞Adam0616,2019年周榜单第14期,12.19,12.19,45,1018,12.19,42,550524501,19.65,10,41812806,18.12,30
342,16.87,33,815069,18,18.5616.8717.4012.4114.62,陈坤,2019年周榜单第14期,14.62,14.62,8,1152,12.41,38,54926054,17.40,126,64613350,18.56,17
343,17.42,20,1267460,19,17.8617.4218.6913.9711.89,小鬼-王琳凯,2019年周榜单第14期,11.89,11.89,66,2794,13.97,15,204311421,18.69,47,32716074,17.86,46
344,16.53,40,615336,20,18.9416.5318.8916.488.82,火箭少女101_孟美岐,2019年周榜单第14期,8.82,8.82,140,11598,16.48,5,252836355,18.89,37,92607799,18.94,10
345,17.78,14,1697196,21,17.9917.7819.7010.9012.68,TFBOYS-易烊千玺,2019年周榜单第14期,12.68,12.68,23,488,10.90,66,576398108,19.70,7,36884325,17.99,35
346,16.91,32,841784,22,17.9516.9119.3216.218.54,邓伦,2019年周榜单第14期,8.54,8.54,142,9950,16.21,9,389511536,19.32,14,35671031,17.95,38
347,17.86,11,1798283,23,19.1517.8619.729.2712.64,杨幂,2019年周榜单第14期,12.64,12.64,24,194,9.27,95,591513639,19.72,6,114443264,19.15,7
348,17.34,23,1188708,24,17.9317.3418.5012.8312.00,魏大勋,2019年周榜单第14期,12.00,12.00,54,1458,12.83,29,169552096,18.50,59,34960355,17.93,41
349,17.77,15,1677742,25,18.0917.7719.2211.6111.77,THEO-朱正廷,2019年周榜单第14期,11.77,11.77,72,730,11.61,56,353934817,19.22,17,40752831,18.09,31
350,20.00,1,13261507,1,20.0020.0019.2720.0015.62,蔡徐坤,2019年周榜单第15期,15.62,15.62,4,254370,20.00,1,1050967802,19.27,2,386406157,20.00,1
351,16.68,28,869204,2,18.5516.6817.8218.6415.88,UNINE_李汶翰,2019年周榜单第15期,15.88,15.88,3,108932,18.64,3,219934279,17.82,45,91747815,18.55,10
352,17.46,11,1651019,3,17.4017.4618.4519.048.28,朱一龙,2019年周榜单第15期,8.28,8.28,48,139660,19.04,2,433476830,18.45,14,29533185,17.40,53
353,16.93,21,1071245,4,17.7216.9316.9313.7914.85,许凯soso,2019年周榜单第15期,14.85,14.85,5,5318,13.79,32,84664737,16.93,96,40435350,17.72,30
354,18.82,2,5047159,5,18.4618.8219.0015.558.12,TFBOYS-王源,2019年周榜单第15期,8.12,8.12,60,15970,15.55,16,782524976,19.00,5,84361613,18.46,12
355,18.39,4,3546037,6,18.5518.3918.2916.168.06,努力努力再努力x,2019年周榜单第15期,8.06,8.06,64,23280,16.16,10,367373757,18.29,19,92145597,18.55,9
356,16.48,34,738604,7,17.7016.4818.9217.318.52,邓伦,2019年周榜单第15期,8.52,8.52,35,47548,17.31,4,718551098,18.92,7,39752284,17.70,34
357,17.86,7,2299211,8,18.5717.8619.1914.368.84,Dear-迪丽热巴,2019年周榜单第15期,8.84,8.84,27,7612,14.36,26,965736175,19.19,3,94434309,18.57,7
358,17.83,8,2238173,9,18.0117.8317.8817.078.01,白宇WHITE,2019年周榜单第15期,8.01,8.01,70,41130,17.07,5,236207487,17.88,40,53989848,18.01,17
359,18.43,3,3655606,10,18.2218.4319.0014.708.43,TFBOYS-易烊千玺,2019年周榜单第15期,8.43,8.43,39,9370,14.70,23,788974413,19.00,4,66651751,18.22,14
360,14.73,102,176448,11,16.9514.7317.9314.1914.58,熊梓淇,2019年周榜单第15期,14.58,14.58,6,6824,14.19,27,246885794,17.93,34,18944134,16.95,94
361,16.48,33,738661,12,18.7016.4817.8515.848.68,火箭少女101_孟美岐,2019年周榜单第15期,8.68,8.68,31,19152,15.84,14,228326051,17.85,42,106416446,18.70,6
362,17.16,16,1287109,13,17.7017.1618.0216.287.87,范丞丞Adam0616,2019年周榜单第15期,7.87,7.87,79,25080,16.28,8,274215736,18.02,29,39930664,17.70,33
363,18.25,5,3150545,14,17.9418.2518.3313.858.21,TFBOYS-王俊凯,2019年周榜单第15期,8.21,8.21,51,5548,13.85,29,381739414,18.33,17,50602489,17.94,20
364,17.12,17,1251845,15,18.9417.1218.9813.028.41,杨幂,2019年周榜单第15期,8.41,8.41,41,3310,13.02,50,773250758,18.98,6,135801330,18.94,5
365,17.32,12,1477610,16,17.5217.3217.9215.907.46,THEO-朱正廷,2019年周榜单第15期,7.46,7.46,118,19882,15.90,12,246185762,17.92,36,33137752,17.52,42
366,17.11,18,1242600,17,17.4717.1117.9115.847.59,jjjustin0219,2019年周榜单第15期,7.59,7.59,102,19122,15.84,15,241740110,17.91,38,31705445,17.47,49
367,15.46,66,320207,18,18.5515.4617.9215.308.67,火箭少女101_吴宣仪,2019年周榜单第15期,8.67,8.67,32,13692,15.30,18,246581827,17.92,35,91714617,18.55,11
368,15.87,50,447582,19,17.5915.8717.2316.598.37,罗云熙Leo,2019年周榜单第15期,8.37,8.37,42,30452,16.59,7,116630655,17.23,81,35717836,17.59,37
369,17.07,19,1203841,20,17.4417.0717.3414.908.75,王子异,2019年周榜单第15期,8.75,8.75,30,10668,14.90,21,131977413,17.34,73,30787498,17.44,50
370,17.78,9,2149661,21,17.1917.7817.5216.166.37,MD_摩登兄弟,2019年周榜单第15期,6.37,6.37,218,23316,16.16,9,159582295,17.52,60,24120749,17.19,73
371,16.60,31,813678,22,17.2316.6017.4816.077.48,M鹿M,2019年周榜单第15期,7.48,7.48,114,22030,16.07,11,152097041,17.48,63,25097184,17.23,70
372,16.77,26,939740,23,18.5616.7718.0513.228.17,不啊可能是郑柏旭,2019年周榜单第15期,8.17,8.17,57,3740,13.22,44,283230743,18.05,27,92898668,18.56,8
373,16.92,22,1061737,24,18.0016.9218.4812.988.17,杨紫,2019年周榜单第15期,8.17,8.17,56,3216,12.98,52,447702321,18.48,12,53572224,18.00,18
374,15.31,74,282338,25,17.4915.3116.6211.1313.87,刘涛tamia,2019年周榜单第15期,13.87,13.87,8,1020,11.13,90,60282652,16.62,120,32310104,17.49,46
375,20.00,1,18345179,1,20.0020.0019.9220.0015.62,蔡徐坤,2019年周榜单第16期,15.62,15.62,5,407396,20.00,1,1034355887,19.92,4,448052454,20.00,1
376,17.14,16,1677709,2,19.2017.1418.6816.9217.01,UNINE_李汶翰,2019年周榜单第16期,17.01,17.01,2,55592,16.92,3,286156633,18.68,33,202887155,19.20,3
377,18.33,4,4543389,3,18.3118.3319.5318.588.06,朱一龙,2019年周榜单第16期,8.06,8.06,57,162570,18.58,2,691676766,19.53,11,83476494,18.31,12
378,18.58,2,5595071,4,19.0518.5819.4211.788.21,Mr_凡先生,2019年周榜单第16期,8.21,8.21,51,2016,11.78,26,616112308,19.42,12,173087534,19.05,4
379,16.01,36,653211,5,17.3516.0116.9612.0914.20,许凯soso,2019年周榜单第16期,14.20,14.20,8,2456,12.09,19,47351447,16.96,159,32048404,17.35,52
380,18.46,3,5072456,6,18.6718.4619.2612.137.95,M鹿M,2019年周榜单第16期,7.95,7.95,61,2524,12.13,18,521015325,19.26,15,119715048,18.67,7
381,17.73,6,2748738,7,17.9617.7319.6813.077.93,TFBOYS-易烊千玺,2019年周榜单第16期,7.93,7.93,62,4638,13.07,13,810370379,19.68,6,58595948,17.96,23
382,16.24,31,788529,8,17.6616.2419.5814.438.12,邓伦,2019年周榜单第16期,8.12,8.12,53,11146,14.43,6,732742018,19.58,8,43655141,17.66,33
383,15.26,63,347949,9,18.2315.2618.7614.218.30,火箭少女101_吴宣仪,2019年周榜单第16期,8.30,8.30,47,9680,14.21,8,309299455,18.76,30,76849322,18.23,13
384,17.68,7,2636105,10,17.6417.6819.1712.327.82,TFBOYS-王俊凯,2019年周榜单第16期,7.82,7.82,70,2862,12.32,17,477067604,19.17,17,42657032,17.64,34
385,17.75,5,2799130,11,18.1917.7519.3911.617.68,TFBOYS-王源,2019年周榜单第16期,7.68,7.68,75,1802,11.61,30,598417607,19.39,13,74116606,18.19,14
386,15.48,57,418410,12,17.4515.4818.1815.378.00,罗云熙Leo,2019年周榜单第16期,8.00,8.00,58,20504,15.37,4,170085277,18.18,66,35375093,17.45,46
387,17.20,14,1769338,13,17.6917.2018.5713.707.26,jjjustin0219,2019年周榜单第16期,7.26,7.26,102,6980,13.70,10,254652020,18.57,41,44941488,17.69,30
388,17.47,9,2212295,14,18.4017.4719.5710.658.26,Dear-迪丽热巴,2019年周榜单第16期,8.26,8.26,48,972,10.65,54,724182513,19.57,9,91444991,18.40,10
389,17.35,13,1995485,15,17.9017.3519.2111.547.56,李易峰,2019年周榜单第16期,7.56,7.56,82,1722,11.54,34,496363765,19.21,16,55573695,17.90,25
390,17.39,11,2060543,16,18.8917.3920.008.468.70,关晓彤,2019年周榜单第16期,8.70,8.70,43,236,8.46,97,1129805667,20.00,1,148742485,18.89,6
391,17.38,12,2057582,17,18.1817.3818.6411.587.55,努力努力再努力x,2019年周榜单第16期,7.55,7.55,83,1774,11.58,32,273189270,18.64,38,73392520,18.18,15
392,17.02,18,1512637,18,18.5217.0219.1410.797.87,不啊可能是郑柏旭,2019年周榜单第16期,7.87,7.87,66,1060,10.79,49,461648657,19.14,18,102870992,18.52,9
393,16.56,22,1033699,19,17.9516.5619.0212.047.64,曾舜晞Joseph,2019年周榜单第16期,7.64,7.64,78,2378,12.04,20,404822686,19.02,22,58290382,17.95,24
394,15.43,59,402962,20,19.0315.4318.1311.788.75,吴磊LEO,2019年周榜单第16期,8.75,8.75,42,2016,11.78,25,161005856,18.13,68,169672941,19.03,5
395,15.56,52,446322,21,17.6915.5617.5612.609.51,刘人语Reyi_,2019年周榜单第16期,9.51,9.51,37,3426,12.60,15,88602010,17.56,100,44938306,17.69,31
396,17.09,17,1613308,22,17.4617.0918.6511.947.67,杨洋,2019年周榜单第16期,7.67,7.67,76,2240,11.94,21,276863295,18.65,34,35528486,17.46,45
397,16.78,20,1236838,23,18.0616.7819.1011.327.54,杨紫,2019年周榜单第16期,7.54,7.54,84,1500,11.32,39,444101031,19.10,19,65097011,18.06,19
398,15.84,42,567848,24,17.4315.8418.6513.257.54,白宇WHITE,2019年周榜单第16期,7.54,7.54,86,5202,13.25,12,276476696,18.65,35,34595250,17.43,49
399,15.55,53,443788,25,18.3715.5518.3512.907.40,火箭少女101_孟美岐,2019年周榜单第16期,7.40,7.40,96,4142,12.90,14,201874949,18.35,52,88162597,18.37,11
400,20.00,1,11477486,1,20.0020.0019.6520.0010.00,蔡徐坤,2019年周榜单第17期,10.00,10.00,102,115134,20.00,1,673988641,19.65,3,686121746,20.00,1
401,16.45,41,640616,2,18.1816.4518.9718.3114.91,UNINE_李汶翰,2019年周榜单第17期,14.91,14.91,4,42968,18.31,2,332803023,18.97,29,107858603,18.18,6
402,16.22,48,530412,3,17.9916.2218.7417.6713.34,火箭少女101_吴宣仪,2019年周榜单第17期,13.34,13.34,18,29628,17.67,3,262712475,18.74,44,88888934,17.99,9
403,18.41,4,3148050,4,17.7818.4120.0014.1011.51,TFBOYS-王源,2019年周榜单第17期,11.51,11.51,70,3696,14.10,14,970023605,20.00,1,71839556,17.78,16
404,16.01,64,448807,5,16.9216.0118.5215.1713.96,熊梓淇,2019年周榜单第17期,13.96,13.96,8,6912,15.17,11,210049472,18.52,56,29791914,16.92,68
405,17.63,13,1676541,6,17.8917.6318.5013.5912.89,魏大勋,2019年周榜单第17期,12.89,12.89,31,2748,13.59,21,205924625,18.50,57,80170047,17.89,15
406,17.87,8,2033298,7,17.2817.8718.7513.3612.52,jjjustin0219,2019年周榜单第17期,12.52,12.52,39,2400,13.36,22,266948295,18.75,43,43012304,17.28,40
407,16.78,32,836143,8,17.7616.7819.0212.9613.20,angelababy,2019年周榜单第17期,13.20,13.20,23,1904,12.96,30,350965474,19.02,25,70442645,17.76,18
408,16.08,58,474403,9,17.2516.0817.0712.6214.74,UNIQ-王一博,2019年周榜单第17期,14.74,14.74,5,1558,12.62,37,46844592,17.07,152,41655408,17.25,43
409,17.58,16,1609721,10,18.4817.5818.8016.156.50,火箭少女101_孟美岐,2019年周榜单第17期,6.50,6.50,186,12186,16.15,6,280989550,18.80,39,145862473,18.48,5
410,17.73,11,1819802,11,17.1217.7319.6415.207.49,TFBOYS-易烊千玺,2019年周榜单第17期,7.49,7.49,124,7014,15.20,10,670967986,19.64,4,36541170,17.12,52
411,17.65,12,1703822,12,17.7517.6518.9415.896.93,白宇WHITE,2019年周榜单第17期,6.93,6.93,148,10516,15.89,8,324062390,18.94,32,69560256,17.75,20
412,18.27,5,2809515,13,17.9318.2719.2814.067.27,努力努力再努力x,2019年周榜单第17期,7.27,7.27,138,3618,14.06,15,460447295,19.28,8,83543379,17.93,11
413,16.06,59,467604,14,16.5516.0619.1517.397.43,朱一龙,2019年周榜单第17期,7.43,7.43,131,25112,17.39,4,401029070,19.15,14,20601138,16.55,97
414,16.80,30,852106,15,17.1216.8019.0715.897.64,邓伦,2019年周榜单第17期,7.64,7.64,119,10528,15.89,7,372227102,19.07,20,36720923,17.12,51
415,15.66,72,337883,16,16.4215.6619.0012.1513.30,赵丽颖,2019年周榜单第17期,13.30,13.30,20,1186,12.15,51,343260756,19.00,28,17995032,16.42,110
416,17.24,23,1220556,17,18.1017.2419.2313.857.47,Mr_凡先生,2019年周榜单第17期,7.47,7.47,127,3204,13.85,17,435935910,19.23,11,98832702,18.10,8
417,15.38,81,268887,18,16.8615.3819.1911.9512.20,潘粤明,2019年周榜单第17期,12.20,12.20,45,1054,11.95,56,418194864,19.19,12,28080339,16.86,75
418,14.88,106,178859,19,16.8614.8817.7613.7912.08,乔欣Bridgette,2019年周榜单第17期,12.08,12.08,49,3086,13.79,18,95832612,17.76,103,27990376,16.86,76
419,15.07,95,208815,20,17.2115.0718.6511.4512.85,于朦胧,2019年周榜单第17期,12.85,12.85,33,788,11.45,67,240503480,18.65,47,40335394,17.21,45
420,16.20,50,523370,21,17.2316.2018.0016.237.57,罗云熙Leo,2019年周榜单第17期,7.57,7.57,120,12814,16.23,5,122312891,18.00,81,41173030,17.23,44
421,17.28,22,1260068,22,17.5517.2819.5012.757.76,Dear-迪丽热巴,2019年周榜单第17期,7.76,7.76,117,1684,12.75,34,575801699,19.50,6,56765873,17.55,25
422,16.03,60,456156,23,17.3316.0318.887.9414.50,景甜,2019年周榜单第17期,14.50,14.50,6,102,7.94,139,303545074,18.88,35,45350964,17.33,39
423,17.42,19,1409710,24,17.4217.4219.0913.596.91,M鹿M,2019年周榜单第17期,6.91,6.91,152,2754,13.59,20,378842376,19.09,18,49532839,17.42,33
424,17.54,17,1560312,25,17.9217.5419.2512.137.46,杨幂,2019年周榜单第17期,7.46,7.46,128,1176,12.13,52,446938160,19.25,9,82488897,17.92,13
425,20.00,1,28149754,1,20.0020.0020.0020.0013.62,蔡徐坤,2019年周榜单第18期,13.62,13.62,11,386076,20.00,1,1367297630,20.00,1,822279854,20.00,1
426,17.00,11,2151727,2,18.1417.0018.6316.9719.43,UNINE_李汶翰,2019年周榜单第18期,19.43,19.43,1,54950,16.97,3,323136270,18.63,29,121369957,18.14,8
427,17.79,2,4233097,3,17.9317.7919.5815.3314.76,TFBOYS-王源,2019年周榜单第18期,14.76,14.76,5,19146,15.33,11,880781408,19.58,5,98203384,17.93,13
428,16.07,30,971491,4,18.0716.0718.9013.4415.56,UNINE_姚明明,2019年周榜单第18期,15.56,15.56,3,5690,13.44,33,431174423,18.90,13,113927601,18.07,9
429,16.55,21,1463269,5,18.0616.5519.6313.6113.74,杨幂,2019年周榜单第18期,13.74,13.74,10,6350,13.61,29,925077344,19.63,3,111913969,18.06,11
430,17.10,9,2345100,6,17.1317.1018.7515.2113.16,THEO-朱正廷,2019年周榜单第18期,13.16,13.16,20,17730,15.21,14,368952052,18.75,22,43355037,17.13,47
431,16.88,13,1935140,7,17.3216.8818.0814.6913.51,杨洋,2019年周榜单第18期,13.51,13.51,13,12696,14.69,18,181238504,18.08,64,52263895,17.32,36
432,16.91,12,1987351,8,17.0416.9118.4814.6713.02,jjjustin0219,2019年周榜单第18期,13.02,13.02,22,12552,14.67,19,275582895,18.48,40,39224672,17.04,54
433,17.49,6,3268518,9,17.0317.4919.3418.627.59,朱一龙,2019年周榜单第18期,7.59,7.59,93,158736,18.62,2,686209052,19.34,6,39196642,17.03,55
434,15.77,39,745358,10,18.0715.7718.3914.6113.23,火箭少女101_孟美岐,2019年周榜单第18期,13.23,13.23,18,12048,14.61,20,251704678,18.39,46,113189278,18.07,10
435,17.65,5,3763580,11,17.6417.6519.5914.887.66,TFBOYS-易烊千玺,2019年周榜单第18期,7.66,7.66,89,14322,14.88,16,889021016,19.59,4,73108330,17.64,17
436,15.74,43,728286,12,17.1815.7416.7713.3214.15,白鹿my,2019年周榜单第18期,14.15,14.15,8,5244,13.32,36,45750604,16.77,172,45570231,17.18,43
437,17.74,4,4038161,13,17.9717.7419.1315.436.72,努力努力再努力x,2019年周榜单第18期,6.72,6.72,150,20434,15.43,9,544890025,19.13,9,102045983,17.97,12
438,16.81,15,1831623,14,18.2516.8118.6816.097.11,李易峰,2019年周榜单第18期,7.11,7.11,121,31314,16.09,4,341345670,18.68,24,136852275,18.25,6
439,16.63,20,1569029,15,19.2516.6318.1112.269.92,吴谨言Y,2019年周榜单第18期,9.92,9.92,63,2656,12.26,55,187684578,18.11,62,380030233,19.25,2
440,17.79,3,4230156,16,17.4817.7919.2414.157.49,TFBOYS-王俊凯,2019年周榜单第18期,7.49,7.49,100,8962,14.15,22,614868606,19.24,7,61993896,17.48,23
441,15.45,59,569060,17,16.7215.4517.9113.2212.82,毛不易,2019年周榜单第18期,12.82,12.82,28,4944,13.22,39,152082069,17.91,72,28247664,16.72,80
442,17.30,7,2768988,18,17.9217.3018.9013.797.78,Dear-迪丽热巴,2019年周榜单第18期,7.78,7.78,84,7114,13.79,26,428457376,18.90,14,97682585,17.92,14
443,14.67,86,292243,19,17.2814.6718.6411.3813.57,于朦胧,2019年周榜单第18期,13.57,13.57,12,1514,11.38,78,325382424,18.64,28,50670985,17.28,39
444,16.45,24,1338459,20,17.5316.4518.6416.036.72,白宇WHITE,2019年周榜单第18期,6.72,6.72,152,29956,16.03,5,328034340,18.64,27,64890773,17.53,20
445,16.46,23,1346816,21,17.6216.4618.9614.957.24,Mr_凡先生,2019年周榜单第18期,7.24,7.24,112,15024,14.95,15,457145960,18.96,12,71484472,17.62,18
446,15.46,58,571071,22,17.5015.4618.3310.7013.13,刘涛tamia,2019年周榜单第18期,13.13,13.13,21,972,10.70,89,234851666,18.33,51,63392439,17.50,21
447,14.54,95,261067,23,15.7514.5418.3913.3313.00,Johnny黄景瑜,2019年周榜单第18期,13.00,13.00,24,5302,13.33,35,251893328,18.39,45,10537615,15.75,168
448,14.75,83,313200,24,16.6714.7518.8112.7211.89,宋茜,2019年周榜单第18期,11.89,11.89,45,3574,12.72,48,390494380,18.81,18,26844419,16.67,85
449,15.59,49,641240,25,17.8415.5918.4014.718.24,火箭少女101_吴宣仪,2019年周榜单第18期,8.24,8.24,74,12838,14.71,17,254394025,18.40,44,89404468,17.84,15
450,20.00,1,17665831,1,20.0020.0019.9919.1710.00,蔡徐坤,2019年周榜单第19期,10.00,10.00,56,90052,19.17,2,1603877742,19.99,2,615891667,20.00,1
451,17.11,14,1588011,2,18.3217.1118.3017.0716.08,UNINE_李汶翰,2019年周榜单第19期,16.08,16.08,3,25870,17.07,3,266466750,18.30,32,112480870,18.32,12
452,16.61,21,1046427,3,18.4316.6118.3113.1915.26,火箭少女101_孟美岐,2019年周榜单第19期,15.26,15.26,6,2562,13.19,25,270929978,18.31,31,125553004,18.43,10
453,16.05,39,653694,4,18.3216.0518.7111.8216.41,UNINE_姚明明,2019年周榜单第19期,16.41,16.41,2,1138,11.82,55,414042758,18.71,14,112610086,18.32,11
454,15.79,48,525291,5,17.8015.7918.7220.008.32,朱一龙,2019年周榜单第19期,8.32,8.32,66,147824,20.00,1,417094832,18.72,13,66386753,17.80,23
455,17.43,9,2073052,6,18.9517.4319.2712.8311.76,杨幂,2019年周榜单第19期,11.76,11.76,31,2070,12.83,33,750380407,19.27,5,212970805,18.95,3
456,17.74,5,2676629,7,17.4017.7419.5114.718.01,TFBOYS-易烊千玺,2019年周榜单第19期,8.01,8.01,73,6330,14.71,11,965363170,19.51,4,44322012,17.40,41
457,16.88,18,1310407,8,17.8116.8818.6112.0911.79,Dear-迪丽热巴,2019年周榜单第19期,11.79,11.79,30,1334,12.09,47,371561052,18.61,16,67144464,17.81,22
458,18.02,3,3397232,9,18.0618.0219.0613.318.23,TFBOYS-王源,2019年周榜单第19期,8.23,8.23,69,2754,13.31,23,597730579,19.06,7,86499408,18.06,16
459,18.00,4,3342098,10,18.6818.0018.8013.877.26,TFBOYS-王俊凯,2019年周榜单第19期,7.26,7.26,108,3840,13.87,17,451480069,18.80,11,161785296,18.68,4
460,15.05,86,283921,11,17.4415.0517.2711.3714.77,UNIQ-王一博,2019年周榜单第19期,14.77,14.77,7,870,11.37,72,89277132,17.27,108,46362365,17.44,37
461,18.10,2,3623850,12,18.0718.1018.8913.547.28,努力努力再努力x,2019年周榜单第19期,7.28,7.28,106,3156,13.54,20,500041334,18.89,10,87550721,18.07,15
462,17.72,6,2640172,13,18.1517.7218.9513.507.37,范丞丞Adam0616,2019年周榜单第19期,7.37,7.37,100,3080,13.50,21,532214697,18.95,9,94325877,18.15,13
463,16.56,22,1000404,14,17.3816.5618.5615.247.73,邓伦,2019年周榜单第19期,7.73,7.73,80,8672,15.24,8,352687354,18.56,19,43614469,17.38,44
464,15.54,57,427357,15,16.7915.5416.1712.7213.44,白鹿my,2019年周榜单第19期,13.44,13.44,9,1938,12.72,36,27931969,16.17,205,23865031,16.79,87
465,16.29,33,801024,16,17.4716.2918.0116.266.45,白宇WHITE,2019年周榜单第19期,6.45,6.45,191,15942,16.26,4,195845667,18.01,54,47772287,17.47,33
466,16.33,31,826364,17,17.4116.3318.0614.937.70,罗云熙Leo,2019年周榜单第19期,7.70,7.70,81,7224,14.93,9,208085306,18.06,49,44872939,17.41,40
467,15.84,47,549122,18,19.4615.8418.2411.579.25,吴谨言Y,2019年周榜单第19期,9.25,9.25,58,978,11.57,68,251272515,18.24,37,357653117,19.46,2
468,17.31,11,1868057,19,18.6117.3118.4013.346.43,猜猜下个会是谁,2019年周榜单第19期,6.43,6.43,195,2810,13.34,22,296312502,18.40,26,150313759,18.61,6
469,16.35,30,837864,20,17.7716.3518.069.1712.60,邢菲_,2019年周榜单第19期,12.60,12.60,16,234,9.17,110,206361216,18.06,50,64534449,17.77,25
470,17.25,12,1786759,21,17.1617.2518.2514.216.95,THEO-朱正廷,2019年周榜单第19期,6.95,6.95,132,4702,14.21,12,253195601,18.25,35,34694950,17.16,57
471,17.09,15,1562859,22,17.2217.0918.2413.927.34,jjjustin0219,2019年周榜单第19期,7.34,7.34,102,3974,13.92,16,249686927,18.24,38,37015520,17.22,54
472,17.06,16,1524358,23,18.0317.0619.1214.085.15,火箭少女101_杨超越,2019年周榜单第19期,5.15,5.15,358,4366,14.08,14,634503423,19.12,6,84286240,18.03,17
473,15.62,55,455502,24,17.0415.6219.7412.698.05,杨洋,2019年周榜单第19期,8.05,8.05,72,1912,12.69,38,1228387031,19.74,3,30855736,17.04,66
474,16.55,23,995294,25,18.5316.5517.9913.116.85,李易峰,2019年周榜单第19期,6.85,6.85,144,2442,13.11,26,192380582,17.99,56,139091050,18.53,8
475,20.00,1,7472582,1,20.0020.0019.1317.5010.00,蔡徐坤,2019年周榜单第20期,10.00,10.00,25,39248,17.50,5,1338058013,19.13,2,477937281,20.00,1
476,18.79,4,2868474,2,17.9618.7918.0220.006.69,TFBOYS-王俊凯,2019年周榜单第20期,6.69,6.69,122,178066,20.00,1,396536732,18.02,16,62324653,17.96,24
477,19.73,2,6055154,3,18.5219.7318.8415.268.03,TFBOYS-易烊千玺,2019年周榜单第20期,8.03,8.03,39,10174,15.26,10,973656053,18.84,3,109366666,18.52,9
478,17.96,11,1492688,4,18.5417.9617.5517.109.15,UNINE_李汶翰,2019年周榜单第20期,9.15,9.15,26,30910,17.10,6,235516578,17.55,48,110812496,18.54,8
479,18.22,9,1829098,5,18.3218.2218.2817.567.58,邓伦,2019年周榜单第20期,7.58,7.58,55,40826,17.56,4,526162095,18.28,12,89368077,18.32,16
480,18.46,6,2211575,6,18.4518.4617.6011.7713.57,张杰,2019年周榜单第20期,13.57,13.57,6,1228,11.77,43,248257077,17.60,44,101475998,18.45,12
481,18.79,3,2873820,7,17.4618.7918.6016.327.41,朱一龙,2019年周榜单第20期,7.41,7.41,64,19234,16.32,8,742819189,18.60,7,37729185,17.46,48
482,17.49,22,1029135,8,17.7217.4917.0519.016.32,白宇WHITE,2019年周榜单第20期,6.32,6.32,162,97700,19.01,2,136611613,17.05,86,49089849,17.72,35
483,17.53,20,1056694,9,17.8817.5317.9016.437.61,罗云熙Leo,2019年周榜单第20期,7.61,7.61,52,20618,16.43,7,346716070,17.90,21,57190751,17.88,29
484,15.08,106,152178,10,17.3015.0817.7713.5513.43,熊梓淇,2019年周榜单第20期,13.43,13.43,7,3618,13.55,18,299472442,17.77,33,32078617,17.30,59
485,15.84,72,278482,11,19.1715.8417.729.5814.46,火箭少女101_赖美云,2019年周榜单第20期,14.46,14.46,5,328,9.58,80,284850027,17.72,36,207912322,19.17,3
486,16.06,64,330245,12,16.6816.0615.5212.1315.96,白鹿my,2019年周榜单第20期,15.96,15.96,3,1526,12.13,36,25376451,15.52,220,17361673,16.68,112
487,18.37,7,2052890,13,18.1018.3718.7913.077.35,努力努力再努力x,2019年周榜单第20期,7.35,7.35,69,2704,13.07,22,914686981,18.79,4,71314755,18.10,21
488,18.52,5,2308537,14,17.9218.5218.1613.267.78,TFBOYS-王源,2019年周榜单第20期,7.78,7.78,45,3028,13.26,21,460132593,18.16,13,59820387,17.92,26
489,17.76,14,1272683,15,17.9617.7618.4213.347.94,Dear-迪丽热巴,2019年周榜单第20期,7.94,7.94,40,3174,13.34,19,614558251,18.42,10,62192283,17.96,25
490,16.79,39,588213,16,18.5816.7917.5014.018.50,火箭少女101_孟美岐,2019年周榜单第20期,8.50,8.50,35,4752,14.01,15,222855353,17.50,51,115198788,18.58,7
491,16.10,63,341124,17,16.6216.1017.4117.906.71,刘昊然turbo,2019年周榜单第20期,6.71,6.71,121,50084,17.90,3,202761091,17.41,59,16390964,16.62,116
492,16.57,45,496178,18,16.8916.5716.3611.1613.08,许凯soso,2019年周榜单第20期,13.08,13.08,11,852,11.16,50,63498804,16.36,135,21400465,16.89,89
493,17.70,16,1212136,19,18.4817.7018.6110.987.74,杨幂,2019年周榜单第20期,7.74,7.74,46,762,10.98,54,750247958,18.61,6,104806070,18.48,11
494,16.31,55,403473,20,16.8216.3116.5610.5413.24,X玖少年团肖战DAYTOY,2019年周榜单第20期,13.24,13.24,9,586,10.54,66,79672375,16.56,120,19988610,16.82,101
495,17.10,30,753436,21,17.5717.1017.7514.036.99,Johnny黄景瑜,2019年周榜单第20期,6.99,6.99,93,4824,14.03,14,292467597,17.75,34,42011224,17.57,41
496,12.84,249,25903,22,15.6812.8414.9712.6417.26,许晴随行笔记,2019年周榜单第20期,17.26,17.26,1,2076,12.64,27,13786758,14.97,273,6373140,15.68,211
497,16.12,61,345960,23,17.6716.1215.5412.3311.29,陈坤,2019年周榜单第20期,11.29,11.29,18,1730,12.33,31,26009991,15.54,218,46791586,17.67,37
498,17.34,23,910242,24,18.3617.3417.6612.497.10,angelababy,2019年周榜单第20期,7.10,7.10,86,1900,12.49,28,266144189,17.66,39,92825427,18.36,15
499,16.93,33,656755,25,18.3716.9317.5411.048.99,UNINE_姚明明,2019年周榜单第20期,8.99,8.99,30,792,11.04,53,232260655,17.54,49,93643572,18.37,14
500,20.00,1,6984094,1,20.0020.0019.0820.0010.00,蔡徐坤,2019年周榜单第21期,10.00,10.00,32,69628,20.00,1,1206280921,19.08,3,270028910,20.00,1
501,18.10,15,1565466,2,19.1418.1017.5418.3213.03,UNINE_李汶翰,2019年周榜单第21期,13.03,13.03,6,27364,18.32,4,222802622,17.54,33,116834901,19.14,5
502,17.39,29,895829,3,18.5317.3917.3818.6212.53,罗云熙Leo,2019年周榜单第21期,12.53,12.53,9,32268,18.62,3,187046531,17.38,44,64655608,18.53,24
503,19.07,4,3362918,4,18.2319.0719.0018.637.62,朱一龙,2019年周榜单第21期,7.62,7.62,64,32450,18.63,2,1109700479,19.00,4,48497507,18.23,39
504,19.54,2,4851205,5,19.8219.5420.0014.138.98,TFBOYS-王源,2019年周榜单第21期,8.98,8.98,39,2636,14.13,21,3314617762,20.00,1,227581537,19.82,2
505,19.17,3,3643393,6,19.1819.1719.2515.768.45,TFBOYS-易烊千玺,2019年周榜单第21期,8.45,8.45,46,6540,15.76,13,1461451703,19.25,2,122170262,19.18,4
506,18.18,12,1659001,7,18.8518.1818.5516.477.51,邓伦,2019年周榜单第21期,7.51,7.51,68,9748,16.47,10,679206975,18.55,8,88154938,18.85,16
507,17.92,16,1351831,8,19.0317.9217.9211.6612.20,宋祖儿lareina,2019年周榜单第21期,12.20,12.20,14,664,11.66,71,340357912,17.92,21,105239427,19.03,11
508,14.15,180,69390,9,16.9514.1517.3213.0217.05,许晴随行笔记,2019年周榜单第21期,17.05,17.05,1,1418,13.02,41,176054921,17.32,47,14005520,16.95,131
509,18.85,6,2832571,10,18.7518.8518.6614.727.40,努力努力再努力x,2019年周榜单第21期,7.40,7.40,72,3668,14.72,19,765156058,18.66,6,80554890,18.75,19
510,15.31,98,172893,11,17.7515.3117.4314.7812.34,熊梓淇,2019年周榜单第21期,12.34,12.34,11,3784,14.78,18,198995753,17.43,41,30404243,17.75,63
511,18.66,7,2432843,12,18.9818.6618.6712.878.19,Dear-迪丽热巴,2019年周榜单第21期,8.19,8.19,48,1310,12.87,43,774395436,18.67,5,100076125,18.98,13
512,16.83,42,575647,13,18.2516.8316.3216.589.04,刘人语Reyi_,2019年周榜单第21期,9.04,9.04,38,10344,16.58,9,58880447,16.32,121,49544512,18.25,36
513,16.05,66,311165,14,18.1216.0516.3913.2512.99,陈坤,2019年周榜单第21期,12.99,12.99,7,1616,13.25,32,63362383,16.39,115,43660026,18.12,43
514,17.34,32,860545,15,18.2517.3416.7511.8612.57,张杰,2019年周榜单第21期,12.57,12.57,8,746,11.86,65,93618815,16.75,91,49288735,18.25,37
515,16.79,45,558064,16,18.2216.7917.6516.927.17,关晓彤,2019年周榜单第21期,7.17,7.17,83,12508,16.92,7,251683258,17.65,31,47930747,18.22,40
516,18.63,9,2370227,17,18.6918.6318.6313.397.14,TFBOYS-王俊凯,2019年周榜单第21期,7.14,7.14,85,1750,13.39,29,736786756,18.63,7,75963072,18.69,22
517,15.30,99,171500,18,17.9715.3017.4712.5612.29,于朦胧,2019年周榜单第21期,12.29,12.29,12,1098,12.56,52,207973608,17.47,37,37694855,17.97,48
518,17.14,37,733234,19,17.1717.1417.8015.997.15,华晨宇yu,2019年周榜单第21期,7.15,7.15,84,7460,15.99,11,298821166,17.80,25,17277249,17.17,106
519,17.86,19,1292228,20,18.8317.8618.5114.995.05,火箭少女101_杨超越,2019年周榜单第21期,5.05,5.05,362,4270,14.99,17,646335025,18.51,10,86862029,18.83,18
520,16.82,44,571310,21,18.9116.8217.4713.788.09,UNINE_姚明明,2019年周榜单第21期,8.09,8.09,50,2166,13.78,22,207702052,17.47,38,93830107,18.91,14
521,17.66,22,1104862,22,19.0817.6617.7913.147.26,angelababy,2019年周榜单第21期,7.26,7.26,78,1518,13.14,36,295056976,17.79,26,110403109,19.08,9
522,17.79,20,1221986,23,19.0417.7918.4011.967.67,杨幂,2019年周榜单第21期,7.67,7.67,61,786,11.96,63,573411525,18.40,11,106660080,19.04,10
523,18.12,14,1584727,24,16.9718.1216.6517.315.67,MD_摩登兄弟,2019年周榜单第21期,5.67,5.67,255,15552,17.31,5,83924009,16.65,98,14195945,16.97,126
524,18.97,5,3089823,25,18.4218.9717.4313.166.73,jjjustin0219,2019年周榜单第21期,6.73,6.73,128,1536,13.16,34,198547398,17.43,42,58454150,18.42,28
525,20.00,1,5607418,1,19.8720.0020.0019.8710.00,蔡徐坤,2019年周榜单第22期,10.00,10.00,49,101610,19.87,2,1170783369,20.00,1,129308036,19.87,4
526,19.14,4,2872784,2,18.9819.1419.7420.007.76,朱一龙,2019年周榜单第22期,7.76,7.76,87,109260,20.00,1,893159335,19.74,4,56332225,18.98,25
527,19.10,6,2781123,3,19.5519.1019.9515.1811.70,Dear-迪丽热巴,2019年周榜单第22期,11.70,11.70,30,6666,15.18,32,1114473538,19.95,2,96308875,19.55,9
528,17.35,30,715035,4,20.0017.3518.1116.1313.06,UNINE_陈宥维,2019年周榜单第22期,13.06,13.06,5,11604,16.13,18,162688017,18.11,60,146366441,20.00,1
529,18.28,13,1478679,5,19.6418.2818.6519.128.72,UNINE_李汶翰,2019年周榜单第22期,8.72,8.72,64,65426,19.12,3,286493053,18.65,29,104435758,19.64,6
530,18.54,8,1807931,6,19.9718.5418.4016.579.64,UNINE_李振宁,2019年周榜单第22期,9.64,9.64,54,14974,16.57,13,220911914,18.40,42,142058971,19.97,3
531,19.41,2,3553171,7,19.4519.4119.8415.467.57,TFBOYS-易烊千玺,2019年周榜单第22期,7.57,7.57,93,7842,15.46,29,992545310,19.84,3,87601409,19.45,12
532,17.06,37,573299,8,19.1317.0618.4014.0912.71,angelababy,2019年周榜单第22期,12.71,12.71,11,3544,14.09,46,219794082,18.40,43,64631729,19.13,20
533,19.12,5,2824763,9,19.3019.1219.2516.496.91,努力努力再努力x,2019年周榜单第22期,6.91,6.91,132,14278,16.49,15,534025368,19.25,9,75927212,19.30,17
534,18.54,9,1802363,10,19.5218.5418.8114.459.54,张杰,2019年周榜单第22期,9.54,9.54,57,4378,14.45,38,338605051,18.81,20,93354411,19.52,10
535,17.83,19,1037528,11,19.6317.8318.8915.978.46,火箭少女101_孟美岐,2019年周榜单第22期,8.46,8.46,68,10526,15.97,20,366797662,18.89,17,103103994,19.63,7
536,17.48,27,790863,12,18.9517.4818.6117.398.01,罗云熙Leo,2019年周榜单第22期,8.01,8.01,77,24080,17.39,7,274192133,18.61,34,54350027,18.95,28
537,17.71,23,949480,13,19.2517.7119.3816.607.46,邓伦,2019年周榜单第22期,7.46,7.46,98,15200,16.60,12,610713874,19.38,7,72653234,19.25,18
538,16.84,47,479665,14,18.7316.8418.3413.6712.75,杨紫,2019年周榜单第22期,12.75,12.75,10,2786,13.67,58,205955124,18.34,47,44537350,18.73,33
539,15.57,102,178868,15,18.0515.5718.4215.2812.93,熊梓淇,2019年周榜单第22期,12.93,12.93,8,7066,15.28,30,225502324,18.42,41,23498779,18.05,80
540,13.84,211,46670,16,17.3813.8417.4712.7718.63,许晴随行笔记,2019年周榜单第22期,18.63,18.63,1,1646,12.77,72,83057430,17.47,99,12413798,17.38,139
541,19.28,3,3204765,17,19.2119.2819.1215.176.88,TFBOYS-王俊凯,2019年周榜单第22期,6.88,6.88,134,6642,15.17,33,467094752,19.12,12,69544410,19.21,19
542,17.89,18,1089916,18,18.4517.8918.6715.918.56,Mr_凡先生,2019年周榜单第22期,8.56,8.56,67,10174,15.91,23,292503334,18.67,27,34129037,18.45,57
543,18.28,14,1474883,19,18.6118.2818.6117.386.58,jjjustin0219,2019年周榜单第22期,6.58,6.58,166,23954,17.38,8,274916203,18.61,32,39711151,18.61,42
544,16.88,45,495173,20,18.8216.8816.9513.3013.42,陈坤,2019年周榜单第22期,13.42,13.42,4,2246,13.30,60,48612149,16.95,142,48462403,18.82,30
545,16.72,51,438326,21,18.5616.7219.1716.508.28,TFBOYS-王源,2019年周榜单第22期,8.28,8.28,70,14384,16.50,14,492240424,19.17,11,37730670,18.56,46
546,16.97,42,532528,22,19.3216.9718.5916.417.90,火箭少女101_吴宣仪,2019年周榜单第22期,7.90,7.90,78,13606,16.41,16,268525108,18.59,36,76912412,19.32,16
547,17.81,21,1021706,23,19.0617.8118.7815.837.42,Johnny黄景瑜,2019年周榜单第22期,7.42,7.42,99,9744,15.83,24,325984661,18.78,21,60671818,19.06,22
548,18.36,12,1564666,24,18.5318.3618.7416.886.33,THEO-朱正廷,2019年周榜单第22期,6.33,6.33,195,17928,16.88,9,315187882,18.74,23,36607249,18.53,48
549,18.52,10,1779648,25,18.7218.5218.6315.727.16,范丞丞Adam0616,2019年周榜单第22期,7.16,7.16,115,9110,15.72,25,281055546,18.63,31,43898047,18.72,35
