index_label,datetime,title,searchCount
0,2019-11-22,王思聪房产汽车存款被查封,3227972.0
1,2019-11-21,王思聪再被限制消费,175037.0
2,2019-11-21,王思聪被取消限制消费令,49220.0
3,2019-11-19,王思聪新增对外投资,125811.0
4,2019-11-11,普思投资回应王思聪被限制高消费,93006.0
5,2019-11-10,王思聪还能坐私人飞机吗,46933.0
6,2019-11-10,王思聪被限制高消费,38098.0
7,2019-11-07,探访王思聪名下投资公司,132035.0
8,2019-11-07,法院回应王思聪成被执行人,37725.0
9,2019-11-07,王思聪,52397.0
10,2019-11-06,孙宇晨称考虑帮王思聪还债,143605.0
11,2019-11-03,王思聪微博,90349.0
12,2019-11-01,王思聪 小葱秀,69789.0
13,2019-10-18,王思聪普思资本股权遭冻结,141678.0
14,2019-10-16,王思聪在成都吃日料给差评,121038.0
15,2019-09-11,王思聪支持彭昱畅维权,93144.0
16,2019-09-09,陈赫赢了王思聪,122073.0
17,2019-07-18,王思聪股权被冻结,100352.0
18,2019-06-19,王思聪谈做电影公司,103852.0
19,2019-06-09,王思聪 孙宇晨,178819.0
20,2019-05-20,王思聪游台北,64513.0
21,2019-05-02,王思聪眼睛,106688.0
22,2019-04-29,王思聪出质大连万达股权,92740.0
23,2019-04-26,王思聪 王喆,71758.0
24,2019-04-24,王思聪文案,134867.0
25,2019-04-24,王思聪 王多多,94473.0
26,2019-04-19,王思聪 吴亦凡,120995.0
27,2019-04-16,王思聪不挑食头像,91210.0
28,2019-04-15,王思聪情头,1280407.0
29,2019-04-15,王思聪吃玉米头像,717159.0
30,2019-04-15,王思聪吃玉米,99444.0
31,2019-04-12,王思聪动物园添新丁,110074.0
32,2019-04-07,王思聪点赞rng,91795.0
33,2019-04-06,王思聪分析如涵上市破发,73715.0
34,2019-04-03,王思聪吃热狗皮肤,93231.0
35,2019-04-01,王思聪发际线,66216.0
36,2019-03-24,王思聪买的鸭子,84062.0
37,2019-03-24,王思聪送酒神劳斯莱斯,78069.0
38,2019-03-23,王思聪给酒神当伴郎,87977.0
39,2019-03-22,王思聪 姿态,107957.0
40,2019-03-21,王思聪越南后援会,122355.0
41,2019-03-20,江苏网警 王思聪,111176.0
42,2019-03-20,王思聪头像换成花千芳,81204.0
43,2019-03-20,王思聪删博,79217.0
44,2019-03-18,王思聪 花千芳,108322.0
45,2019-03-17,王思聪评论杨幂,59126.0
46,2019-03-15,王思聪给王喆加油,84693.0
47,2019-03-03,周洁琼方否认与王思聪同游,50021.0
48,2019-03-03,王思聪周洁琼,118342.0
49,2019-02-21,李易峰王思聪同游日本,24583.0
50,2019-02-16,王思聪关注限定热狗,24284.0
51,2019-02-15,王思聪评论限定热狗,88113.0
52,2019-02-14,王思聪也有个站了,164636.0
53,2019-02-07,李易峰回应捏王思聪脸,28690.0
54,2019-02-01,王思聪去即刻电音现场,135092.0
55,2019-02-01,王思聪买羊驼送美女,66466.0
56,2019-01-26,王思聪掷630万招募编剧,83867.0
57,2019-01-20,王思聪 吴秀波,74540.0
58,2019-01-19,王思聪diss吴秀波,85810.0
59,2019-01-17,王思聪评三个新社交软件,33741.0
60,2019-01-14,李易峰捏王思聪脸,60694.0
61,2019-01-12,王思聪颁奖嚼口香糖,45923.0
62,2019-01-11,王思聪提名百大帅脸,49349.0
63,2019-01-08,日本王思聪推特抽奖破纪录,80903.0
64,2019-01-08,小智喷王思聪,93552.0
65,2019-01-02,王思聪同行女伴正面,63614.0
66,2019-01-02,王思聪diss大张伟,33840.0
67,2019-01-01,三亚偶遇王思聪,69773.0
68,2018-12-30,王思聪秒删,48777.0
69,2018-12-25,王思聪抽纯金狗牌,35215.0
70,2018-12-12,不知爹富王思聪,89440.0
71,2018-12-12,王思聪取关章若楠,43284.0
72,2018-12-11,王思聪关注了章若楠,124936.0
73,2018-11-28,王思聪点赞吐槽李雨桐微博,3696856.0
74,2018-11-27,王思聪弟弟,79751.0
75,2018-11-27,优酷以团之名回应王思聪,2132327.0
76,2018-11-27,王思聪 优酷,583596.0
77,2018-11-25,王思聪同学抽到阿斯顿马丁,51626.0
78,2018-11-25,缺一个王思聪这样的同学,1287216.0
79,2018-11-25,王思聪 热狗卫衣,67119.0
80,2018-11-24,王思聪 IG庆功宴,112747.0
81,2018-11-18,王思聪吃热狗题,112221.0
82,2018-11-18,王思聪悄悄走进我的最常访问,66401.0
83,2018-11-18,王思聪开奖,50274.0
84,2018-11-18,王思聪欠我一万块和一个手机,68510.0
85,2018-11-15,王思聪抽手机壳送手机,61171.0
86,2018-11-15,王思聪回应与女友人逛街,60096.0
87,2018-11-15,用二十斤肉换一次王思聪的中奖,74471.0
88,2018-11-15,王思聪焦可然,19309.0
89,2018-11-13,王思聪大奖唯一男生,229529.0
90,2018-11-12,王思聪 一个改变时间的男人,72753.0
91,2018-11-11,王思聪 毒液,69409.0
92,2018-11-11,要是中了王思聪的一万块,41635.0
93,2018-11-11,王思聪还没开奖,45604.0
94,2018-11-11,王思聪中奖名单,493364.0
95,2018-11-11,我排着队拿王思聪的号码牌,69368.0
96,2018-11-11,王思聪 漫展cos,22595.0
97,2018-11-10,王思聪旗下公司索赔乐视体育,58250.0
98,2018-11-09,王思聪 捣蒜,43414.0
99,2018-11-07,王思聪冰雕,88511.0
100,2018-11-07,王思聪陈雅婷,93597.0
101,2018-11-07,三秒内找到王思聪,66631.0
102,2018-11-07,王思聪吃热狗被美术生盯上,24999.0
103,2018-11-07,王思聪抽奖,1560239.0
104,2018-11-06,王思聪吃热狗小游戏,60647.0
105,2018-11-06,王思聪视力表,55259.0
106,2018-11-06,王思聪吃热狗头像,38019.0
107,2018-11-06,王思聪表情包,14943.0
108,2018-11-05,王思聪包场狂欢是假的,33709.0
109,2018-11-05,王思聪头像,37066.0
110,2018-11-04,王思聪 快乐源泉,50078.0
111,2018-11-04,王思聪 江南,48708.0
112,2018-11-04,王思聪暖宝宝,41302.0
113,2018-11-04,王思聪吃热狗,59967.0
114,2018-11-03,王思聪没人抱,73096.0
115,2018-11-03,王思聪 灯牌,103225.0
116,2018-11-03,王思聪 别再发我吃热狗的,95307.0
117,2018-10-28,王思聪督战,21936.0
118,2018-10-24,王思聪怼全明星投票,63413.0
119,2018-10-20,熊猫直播否认王思聪退出,10191.0
120,2018-10-03,酒吧偶遇王思聪,37189.0
121,2018-09-26,王思聪 chuan,28365.0
122,2018-09-20,王思聪正式退役,41457.0
123,2018-09-11,王思聪 saya,40441.0
124,2018-09-06,王思聪 陈雅婷,44438.0
125,2018-09-03,王思聪朋友圈,257874.0
126,2018-09-03,王思聪删微博,39319.0
127,2018-08-20,王思聪 电竞杨超越,58784.0
128,2018-08-20,王思聪百分百胜率退役,44194.0
129,2018-08-20,王思聪赛后采访,32462.0
130,2018-08-19,王思聪 首发AD,82615.0
131,2018-08-19,王思聪LPL直播,51141.0
132,2018-08-18,王思聪通过审核,49952.0
133,2018-08-17,王思聪 LPL,56565.0
134,2018-08-10,王思聪 杨超越,124351.0
135,2018-08-05,王思聪 R3HAB,44953.0
136,2018-07-14,王思聪 马化腾女儿,153321.0
137,2018-06-24,王思聪吐槽,49945.0
138,2018-06-11,刘杀鸡 王思聪,42715.0
139,2018-06-10,解说王思聪吃鸡,49134.0
140,2018-06-03,王思聪点赞,47005.0
141,2018-05-30,王思聪 张嘉倪老公,53338.0
142,2018-05-15,偶遇王思聪,23645.0
143,2018-04-20,女教师撞脸王思聪,44680.0
144,2018-04-18,王思聪何猷君,46666.0
145,2018-04-07,王思聪否认贴双眼皮,48857.0
146,2018-04-07,王思聪 双眼皮贴,83648.0
147,2018-03-03,王思聪 三亚,38407.0
148,2018-03-01,王思聪吃鸡掉线,44889.0
149,2018-02-14,王思聪武汉,119485.0
150,2018-01-10,王思聪 回应,43667.0
151,2018-01-09,TARA成员 王思聪,28452.0
152,2018-01-06,王思聪回应,58446.0
153,2018-01-03,王思聪 女伴,58498.0
154,2017-12-31,王思聪直播,52399.0
155,2017-12-28,王思聪的三十而立,41604.0
156,2017-12-25,华西村掌门人 儿子和王思聪很熟,156113.0
157,2017-12-20,王思聪长春参加婚礼,55966.0
158,2017-12-18,慎婕否认与王思聪绯闻,84306.0
159,2017-12-18,慎婕 王思聪,85731.0
160,2017-12-07,王思聪怼华大基因CEO,52791.0
161,2017-12-03,王思聪关注王俊凯,37538.0
162,2017-12-02,王思聪 普吉岛,59326.0
163,2017-11-30,王思聪投资版图,43999.0
164,2017-11-22,王思聪雪梨同框,52096.0
165,2017-11-22,王思聪意外合影关晓彤,37924.0
166,2017-11-21,王思聪将张靓颖认成蕾哈娜,39516.0
167,2017-11-21,王思聪看维密秀 干站着,44491.0
168,2017-11-18,王思聪 新女伴,78206.0
169,2017-10-20,王思聪 最年轻投资人,29135.0
170,2017-10-10,王思聪 洛杉矶,31476.0
171,2017-10-01,王思聪一家三口同框,28504.0
172,2017-09-30,王思聪 陈欧,41233.0
173,2017-09-29,王思聪 共享充电宝,31493.0
174,2017-09-28,王思聪 中国太多垃圾电影,34008.0
175,2017-09-25,王思聪 房祖名,25183.0
176,2017-09-15,王思聪骂林更新,29463.0
177,2017-09-08,王思聪点赞薛之谦,90731.0
178,2017-09-01,王思聪米咪,70186.0
179,2017-08-31,豆得儿承认与王思聪分手,24463.0
180,2017-08-26,王思聪撩妹,28262.0
181,2017-08-24,王思聪 诺兰,21587.0
182,2017-08-22,王思聪李易峰,62446.0
183,2017-08-21,王思聪郭敬明,82020.0
184,2017-08-19,王思聪消失的100天,45363.0
185,2017-08-15,王思聪 豆得儿,46842.0
186,2017-08-12,王思聪baby包贝尔,31178.0
187,2017-08-08,王思聪王之蔑视,84865.0
188,2017-07-21,林更新撞脸王思聪,39897.0
189,2017-07-19,王思聪被街头相亲遭嫌弃,41051.0
190,2017-07-11,去年王思聪痛骂的酒店,45779.0
191,2017-07-04,周鸿祎 王思聪,35182.0
192,2017-07-04,豆得儿疑似与王思聪分手,38536.0
193,2017-07-03,王思聪豆得儿,76829.0
194,2017-06-27,韩国女主播致信王思聪,36596.0
195,2017-06-21,豆得儿 王思聪,33549.0
196,2017-06-21,雪梨 王思聪,15847.0
197,2017-06-02,王思聪年纪轻轻,87702.0
198,2017-05-26,王思聪被曝带女友做产检,53068.0
199,2017-05-25,王思聪呛柯洁被怼,30115.0
200,2017-05-25,周鸿祎王思聪,31471.0
201,2017-05-24,王思聪怼柯洁,31805.0
202,2017-05-23,偶遇王思聪豆得儿,28746.0
203,2017-05-18,凤姐 王思聪,21167.0
204,2017-05-15,王思聪 七七,32010.0
205,2017-05-14,王健林不懂王思聪,20420.0
